[14Sept2026 22:47:37.608] [main/INFO] [cpw.mods.modlauncher.Launcher/MODLAUNCHER]: ModLauncher running: args [--launchTarget, forgeserverdev, --gameDir, ., --fml.fmlVersion, 4.0.44, --fml.mcVersion, 1.21.1, --fml.neoForgeVersion, 21.1.250, --fml.neoFormVersion, 20240808.144430, --nogui]
[14Sept2026 22:47:37.610] [main/INFO] [cpw.mods.modlauncher.Launcher/MODLAUNCHER]: JVM identified as Arch Linux OpenJDK 64-Bit Server VM 21.0.12+8
[14Sept2026 22:47:37.611] [main/INFO] [cpw.mods.modlauncher.Launcher/MODLAUNCHER]: ModLauncher 11.0.5+main.901c6ea8 starting: java version 21.0.12 by Arch Linux; OS Linux arch amd64 version 7.2.4-3-cachyos
[14Sept2026 22:47:37.622] [main/DEBUG] [cpw.mods.modlauncher.LaunchServiceHandler/MODLAUNCHER]: Found launch services [minecraft,forgeclient,forgedatauserdev,testharness,forgeserverdev,forgeserveruserdev,forgejunitdev,forgeclientdev,forgeclientuserdev,forgeserver,forgejunituserdev,forgedatadev]
[14Sept2026 22:47:37.633] [main/DEBUG] [cpw.mods.modlauncher.LaunchPluginHandler/MODLAUNCHER]: Found launch plugins: [mixin,slf4jfixer,runtime_enum_extender,accesstransformer,runtimedistcleaner]
[14Sept2026 22:47:37.639] [main/DEBUG] [cpw.mods.modlauncher.TransformationServicesHandler/MODLAUNCHER]: Discovering transformation services
[14Sept2026 22:47:37.641] [main/DEBUG] [net.neoforged.fml.loading.FMLPaths/CORE]: Path GAMEDIR is /home/potat/IdeaProjects/Wartime/run
[14Sept2026 22:47:37.641] [main/DEBUG] [net.neoforged.fml.loading.FMLPaths/CORE]: Path MODSDIR is /home/potat/IdeaProjects/Wartime/run/mods
[14Sept2026 22:47:37.641] [main/DEBUG] [net.neoforged.fml.loading.FMLPaths/CORE]: Path CONFIGDIR is /home/potat/IdeaProjects/Wartime/run/config
[14Sept2026 22:47:37.642] [main/DEBUG] [net.neoforged.fml.loading.FMLPaths/CORE]: Path FMLCONFIG is /home/potat/IdeaProjects/Wartime/run/config/fml.toml
[14Sept2026 22:47:37.669] [main/DEBUG] [net.neoforged.fml.loading.targets.CommonLaunchHandler/CORE]: Got mod coordinates wartime%%/home/potat/IdeaProjects/Wartime/build/classes/java/main:wartime%%/home/potat/IdeaProjects/Wartime/build/resources/main from env
[14Sept2026 22:47:37.671] [main/DEBUG] [net.neoforged.fml.loading.targets.CommonLaunchHandler/CORE]: Found supplied mod coordinates [{wartime=[/home/potat/IdeaProjects/Wartime/build/classes/java/main, /home/potat/IdeaProjects/Wartime/build/resources/main]}]
[14Sept2026 22:47:37.672] [main/DEBUG] [cpw.mods.modlauncher.TransformationServicesHandler/MODLAUNCHER]: Found additional transformation services from discovery services: 
[14Sept2026 22:47:37.676] [main/INFO] [net.neoforged.fml.loading.ImmediateWindowHandler/]: ImmediateWindowProvider not loading because launch target is forgeserverdev
[14Sept2026 22:47:37.680] [main/DEBUG] [cpw.mods.modlauncher.TransformationServicesHandler/MODLAUNCHER]: Found transformer services : [mixin,fml]
[14Sept2026 22:47:37.680] [main/DEBUG] [cpw.mods.modlauncher.TransformationServicesHandler/MODLAUNCHER]: Transformation services loading
[14Sept2026 22:47:37.681] [main/DEBUG] [cpw.mods.modlauncher.TransformationServiceDecorator/MODLAUNCHER]: Loading service mixin
[14Sept2026 22:47:37.681] [main/DEBUG] [cpw.mods.modlauncher.TransformationServiceDecorator/MODLAUNCHER]: Loaded service mixin
[14Sept2026 22:47:37.681] [main/DEBUG] [cpw.mods.modlauncher.TransformationServiceDecorator/MODLAUNCHER]: Loading service fml
[14Sept2026 22:47:37.681] [main/DEBUG] [net.neoforged.fml.loading.FMLLoader/CORE]: FML 4.0.44 loading
[14Sept2026 22:47:37.681] [main/DEBUG] [net.neoforged.fml.loading.FMLLoader/CORE]: FML found ModLauncher version : 11.0.5+main.901c6ea8
[14Sept2026 22:47:37.682] [main/DEBUG] [net.neoforged.fml.loading.FMLLoader/CORE]: FML found AccessTransformer version : 10.0.1+139da711
[14Sept2026 22:47:37.682] [main/DEBUG] [net.neoforged.fml.loading.FMLLoader/CORE]: FML found EventBus version : null
[14Sept2026 22:47:37.682] [main/DEBUG] [net.neoforged.fml.loading.FMLLoader/CORE]: Found Runtime Dist Cleaner
[14Sept2026 22:47:37.682] [main/DEBUG] [cpw.mods.modlauncher.TransformationServiceDecorator/MODLAUNCHER]: Loaded service fml
[14Sept2026 22:47:37.683] [main/DEBUG] [cpw.mods.modlauncher.TransformationServicesHandler/MODLAUNCHER]: Configuring option handling for services
[14Sept2026 22:47:37.692] [main/DEBUG] [net.neoforged.fml.loading.FMLServiceProvider/CORE]: Received command line version data  : VersionInfo[neoForgeVersion=21.1.250, fmlVersion=4.0.44, mcVersion=1.21.1, neoFormVersion=20240808.144430]
[14Sept2026 22:47:37.692] [main/DEBUG] [cpw.mods.modlauncher.TransformationServicesHandler/MODLAUNCHER]: Transformation services initializing
[14Sept2026 22:47:37.693] [main/DEBUG] [cpw.mods.modlauncher.TransformationServiceDecorator/MODLAUNCHER]: Initializing transformation service mixin
[14Sept2026 22:47:37.700] [main/DEBUG] [mixin/]: MixinService [ModLauncher] was successfully booted in cpw.mods.cl.ModuleClassLoader@614ddd49
[14Sept2026 22:47:37.706] [main/INFO] [mixin/]: SpongePowered MIXIN Subsystem Version=0.8.7 Source=union:/home/potat/.gradle/caches/modules-2/files-2.1/net.fabricmc/sponge-mixin/0.15.2+mixin.0.8.7/2af2f021d8e02a0220dc27a7a72b4666d66d44ca/sponge-mixin-0.15.2+mixin.0.8.7.jar%2394!/ Service=ModLauncher Env=SERVER
[14Sept2026 22:47:37.708] [main/DEBUG] [mixin/]: Initialising Mixin Platform Manager
[14Sept2026 22:47:37.708] [main/DEBUG] [mixin/]: Adding mixin platform agents for container ModLauncher Root Container(ModLauncher:4f56a0a2)
[14Sept2026 22:47:37.708] [main/DEBUG] [mixin/]: Instancing new MixinPlatformAgentMinecraftForge for ModLauncher Root Container(ModLauncher:4f56a0a2)
[14Sept2026 22:47:37.709] [main/DEBUG] [mixin/]: MixinPlatformAgentMinecraftForge rejected container ModLauncher Root Container(ModLauncher:4f56a0a2)
[14Sept2026 22:47:37.709] [main/DEBUG] [mixin/]: Instancing new MixinPlatformAgentDefault for ModLauncher Root Container(ModLauncher:4f56a0a2)
[14Sept2026 22:47:37.709] [main/DEBUG] [mixin/]: MixinPlatformAgentDefault accepted container ModLauncher Root Container(ModLauncher:4f56a0a2)
[14Sept2026 22:47:37.710] [main/DEBUG] [cpw.mods.modlauncher.TransformationServiceDecorator/MODLAUNCHER]: Initialized transformation service mixin
[14Sept2026 22:47:37.710] [main/DEBUG] [cpw.mods.modlauncher.TransformationServiceDecorator/MODLAUNCHER]: Initializing transformation service fml
[14Sept2026 22:47:37.710] [main/DEBUG] [net.neoforged.fml.loading.FMLServiceProvider/CORE]: Setting up basic FML game directories
[14Sept2026 22:47:37.711] [main/DEBUG] [net.neoforged.fml.loading.FMLPaths/CORE]: Path GAMEDIR is /home/potat/IdeaProjects/Wartime/run
[14Sept2026 22:47:37.711] [main/DEBUG] [net.neoforged.fml.loading.FMLPaths/CORE]: Path MODSDIR is /home/potat/IdeaProjects/Wartime/run/mods
[14Sept2026 22:47:37.711] [main/DEBUG] [net.neoforged.fml.loading.FMLPaths/CORE]: Path CONFIGDIR is /home/potat/IdeaProjects/Wartime/run/config
[14Sept2026 22:47:37.711] [main/DEBUG] [net.neoforged.fml.loading.FMLPaths/CORE]: Path FMLCONFIG is /home/potat/IdeaProjects/Wartime/run/config/fml.toml
[14Sept2026 22:47:37.711] [main/DEBUG] [net.neoforged.fml.loading.FMLServiceProvider/CORE]: Loading configuration
[14Sept2026 22:47:37.713] [main/DEBUG] [net.neoforged.fml.loading.FMLServiceProvider/CORE]: Preparing launch handler
[14Sept2026 22:47:37.713] [main/DEBUG] [net.neoforged.fml.loading.FMLLoader/CORE]: Using forgeserverdev as launch service
[14Sept2026 22:47:37.714] [main/DEBUG] [cpw.mods.modlauncher.TransformationServiceDecorator/MODLAUNCHER]: Initialized transformation service fml
[14Sept2026 22:47:37.714] [main/DEBUG] [cpw.mods.modlauncher.TransformationServicesHandler/MODLAUNCHER]: Transformation services begin scanning
[14Sept2026 22:47:37.715] [main/DEBUG] [cpw.mods.modlauncher.TransformationServiceDecorator/MODLAUNCHER]: Beginning scan trigger - transformation service mixin
[14Sept2026 22:47:37.715] [main/DEBUG] [cpw.mods.modlauncher.TransformationServiceDecorator/MODLAUNCHER]: End scan trigger - transformation service mixin
[14Sept2026 22:47:37.715] [main/DEBUG] [cpw.mods.modlauncher.TransformationServiceDecorator/MODLAUNCHER]: Beginning scan trigger - transformation service fml
[14Sept2026 22:47:37.715] [main/DEBUG] [net.neoforged.fml.loading.FMLServiceProvider/CORE]: Initiating mod scan
[14Sept2026 22:47:37.715] [main/DEBUG] [net.neoforged.fml.loading.targets.CommonLaunchHandler/CORE]: Got mod coordinates wartime%%/home/potat/IdeaProjects/Wartime/build/classes/java/main:wartime%%/home/potat/IdeaProjects/Wartime/build/resources/main from env
[14Sept2026 22:47:37.716] [main/DEBUG] [net.neoforged.fml.loading.targets.CommonLaunchHandler/CORE]: Found supplied mod coordinates [{wartime=[/home/potat/IdeaProjects/Wartime/build/classes/java/main, /home/potat/IdeaProjects/Wartime/build/resources/main]}]
[14Sept2026 22:47:37.716] [main/DEBUG] [net.neoforged.fml.loading.targets.CommonDevLaunchHandler/]: Launching with NeoForge from /home/potat/IdeaProjects/Wartime/build/moddev/artifacts/neoforge-21.1.250.jar
[14Sept2026 22:47:37.724] [main/DEBUG] [net.neoforged.fml.util.ServiceLoaderUtil/CORE]: Found 4 implementations of IModFileCandidateLocator:
[14Sept2026 22:47:37.724] [main/DEBUG] [net.neoforged.fml.util.ServiceLoaderUtil/CORE]: 	       0 - [built-in] net.neoforged.fml.loading.moddiscovery.locators.NeoForgeDevProvider from loader-4.0.44.jar
[14Sept2026 22:47:37.724] [main/DEBUG] [net.neoforged.fml.util.ServiceLoaderUtil/CORE]: 	       0 - net.neoforged.fml.loading.moddiscovery.locators.ModsFolderLocator from loader-4.0.44.jar
[14Sept2026 22:47:37.725] [main/DEBUG] [net.neoforged.fml.util.ServiceLoaderUtil/CORE]: 	       0 - net.neoforged.fml.loading.moddiscovery.locators.MavenDirectoryLocator from loader-4.0.44.jar
[14Sept2026 22:47:37.725] [main/DEBUG] [net.neoforged.fml.util.ServiceLoaderUtil/CORE]: 	   -1000 - [built-in] net.neoforged.fml.loading.moddiscovery.locators.UserdevLocator from loader-4.0.44.jar
[14Sept2026 22:47:37.726] [main/DEBUG] [net.neoforged.fml.util.ServiceLoaderUtil/CORE]: Found 2 implementations of IModFileReader:
[14Sept2026 22:47:37.726] [main/DEBUG] [net.neoforged.fml.util.ServiceLoaderUtil/CORE]: 	       0 - net.neoforged.fml.loading.moddiscovery.readers.JarModsDotTomlModFileReader from loader-4.0.44.jar
[14Sept2026 22:47:37.726] [main/DEBUG] [net.neoforged.fml.util.ServiceLoaderUtil/CORE]: 	   -1000 - net.neoforged.fml.loading.moddiscovery.readers.NestedLibraryModReader from loader-4.0.44.jar
[14Sept2026 22:47:37.727] [main/DEBUG] [net.neoforged.fml.util.ServiceLoaderUtil/CORE]: Found 1 implementations of IDependencyLocator:
[14Sept2026 22:47:37.727] [main/DEBUG] [net.neoforged.fml.util.ServiceLoaderUtil/CORE]: 	       0 - net.neoforged.fml.loading.moddiscovery.locators.JarInJarDependencyLocator from loader-4.0.44.jar
[14Sept2026 22:47:37.758] [main/DEBUG] [net.neoforged.fml.loading.moddiscovery.ModFileInfo/LOADING]: Found valid mod file neoforge-21.1.250.jar with {minecraft} mods - versions {1.21.1}
[14Sept2026 22:47:37.764] [main/DEBUG] [net.neoforged.fml.loading.moddiscovery.ModFileParser/LOADING]: Considering mod file candidate /home/potat/IdeaProjects/Wartime/build/moddev/artifacts/neoforge-21.1.250.jar
[14Sept2026 22:47:37.776] [main/DEBUG] [net.neoforged.fml.loading.moddiscovery.ModFileInfo/LOADING]: Found valid mod file neoforge-21.1.250.jar with {neoforge} mods - versions {21.1.250}
[14Sept2026 22:47:37.779] [main/DEBUG] [net.neoforged.fml.loading.moddiscovery.ModListHandler/CORE]: Found mod coordinates from lists: []
[14Sept2026 22:47:37.781] [main/DEBUG] [net.neoforged.fml.loading.moddiscovery.ModFileParser/LOADING]: Considering mod file candidate /home/potat/IdeaProjects/Wartime/build/classes/java/main
[14Sept2026 22:47:37.785] [main/DEBUG] [net.neoforged.fml.loading.moddiscovery.ModFileInfo/LOADING]: Found valid mod file main with {wartime} mods - versions {1.0-SNAPSHOT}
[14Sept2026 22:47:37.792] [main/DEBUG] [net.neoforged.fml.loading.moddiscovery.ModFileParser/LOADING]: Considering mod file candidate /home/potat/IdeaProjects/Wartime/build/moddev/artifacts/neoforge-21.1.250.jar
[14Sept2026 22:47:37.794] [main/DEBUG] [net.neoforged.fml.loading.moddiscovery.ModFileInfo/LOADING]: Found valid mod file neoforge-21.1.250.jar with {neoforge} mods - versions {21.1.250}
[14Sept2026 22:47:37.797] [main/DEBUG] [net.neoforged.fml.loading.moddiscovery.ModDiscoverer/]: Skipping /home/potat/.gradle/caches/modules-2/files-2.1/net.neoforged.fancymodloader/earlydisplay/4.0.44/cb2afcf15672180eca1c49b1c9b1208951ef322e/earlydisplay-4.0.44.jar because it was already located earlier
[14Sept2026 22:47:37.797] [main/DEBUG] [net.neoforged.fml.loading.moddiscovery.ModDiscoverer/]: Skipping /home/potat/.gradle/caches/modules-2/files-2.1/net.neoforged.fancymodloader/loader/4.0.44/63433608b68302a442e3dba87880e54f42ea0583/loader-4.0.44.jar because it was already located earlier
[14Sept2026 22:47:37.797] [main/DEBUG] [net.neoforged.fml.loading.moddiscovery.ModDiscoverer/]: Skipping /home/potat/.gradle/caches/modules-2/files-2.1/net.neoforged.accesstransformers/at-modlauncher/10.0.1/5aba50202aceead086bc09fbc2751c9f05cb4890/at-modlauncher-10.0.1.jar because it was already located earlier
[14Sept2026 22:47:37.797] [main/DEBUG] [net.neoforged.fml.loading.moddiscovery.ModDiscoverer/]: Skipping /home/potat/.gradle/caches/modules-2/files-2.1/net.neoforged/accesstransformers/10.0.1/fd83b5725f76eae9115e9355fa1c456a6a441400/accesstransformers-10.0.1.jar because it was already located earlier
[14Sept2026 22:47:37.797] [main/DEBUG] [net.neoforged.fml.loading.moddiscovery.ModDiscoverer/]: Skipping /home/potat/.gradle/caches/modules-2/files-2.1/net.neoforged/bus/8.0.5/5b2d33285ab5d1554e9798ad98c40d6ea3868bd5/bus-8.0.5.jar because it was already located earlier
[14Sept2026 22:47:37.797] [main/DEBUG] [net.neoforged.fml.loading.moddiscovery.ModDiscoverer/]: Skipping /home/potat/.gradle/caches/modules-2/files-2.1/net.neoforged/coremods/7.0.3/9147e6f638b4272b3bd5fc8f92ad37802512c6c/coremods-7.0.3.jar because it was already located earlier
[14Sept2026 22:47:37.797] [main/DEBUG] [net.neoforged.fml.loading.moddiscovery.ModDiscoverer/]: Skipping /home/potat/.gradle/caches/modules-2/files-2.1/cpw.mods/modlauncher/11.0.5/b8f0d49294f733fdb6173931b263553e943dc950/modlauncher-11.0.5.jar because it was already located earlier
[14Sept2026 22:47:37.797] [main/DEBUG] [net.neoforged.fml.loading.moddiscovery.ModDiscoverer/]: Skipping /home/potat/.gradle/caches/modules-2/files-2.1/net.neoforged/mergetool/2.0.0/52fe1949be64e3303aabaaa21e315f551db9c9f4/mergetool-2.0.0-api.jar because it was already located earlier
[14Sept2026 22:47:37.798] [main/DEBUG] [net.neoforged.fml.loading.moddiscovery.ModDiscoverer/]: Skipping /home/potat/.gradle/caches/modules-2/files-2.1/com.electronwill.night-config/toml/3.8.3/90b2fd6efcb4a7d5b9810cf78f9d824994d717f2/toml-3.8.3.jar because it was already located earlier
[14Sept2026 22:47:37.798] [main/DEBUG] [net.neoforged.fml.loading.moddiscovery.ModDiscoverer/]: Skipping /home/potat/.gradle/caches/modules-2/files-2.1/com.electronwill.night-config/core/3.8.3/b442a95f09e349927f5a945ecb594455870fcf4f/core-3.8.3.jar because it was already located earlier
[14Sept2026 22:47:37.798] [main/DEBUG] [net.neoforged.fml.loading.moddiscovery.ModDiscoverer/]: Skipping /home/potat/.gradle/caches/modules-2/files-2.1/net.neoforged/JarJarSelector/0.4.1/fb3cc7a58af22ad2880adb98af6d518128c47dae/JarJarSelector-0.4.1.jar because it was already located earlier
[14Sept2026 22:47:37.798] [main/DEBUG] [net.neoforged.fml.loading.moddiscovery.ModDiscoverer/]: Skipping /home/potat/.gradle/caches/modules-2/files-2.1/net.neoforged/JarJarMetadata/0.4.1/f8da03683dc81694556dc3e177c5e3bb77ae6fcb/JarJarMetadata-0.4.1.jar because it was already located earlier
[14Sept2026 22:47:37.798] [main/DEBUG] [net.neoforged.fml.loading.moddiscovery.ModDiscoverer/]: Skipping /home/potat/.gradle/caches/modules-2/files-2.1/org.apache.maven/maven-artifact/3.8.5/4433f50c07debefaed0553bd0068f4f48d449313/maven-artifact-3.8.5.jar because it was already located earlier
[14Sept2026 22:47:37.798] [main/DEBUG] [net.neoforged.fml.loading.moddiscovery.ModDiscoverer/]: Skipping /home/potat/.gradle/caches/modules-2/files-2.1/net.jodah/typetools/0.6.3/a01aaa6ddaea9ec07ec4f209487b7a46a526283a/typetools-0.6.3.jar because it was already located earlier
[14Sept2026 22:47:37.798] [main/DEBUG] [net.neoforged.fml.loading.moddiscovery.ModDiscoverer/]: Skipping /home/potat/.gradle/caches/modules-2/files-2.1/net.minecrell/terminalconsoleappender/1.3.0/b562e9bb61235c9520e26282cdee71f8f802d1fc/terminalconsoleappender-1.3.0.jar because it was already located earlier
[14Sept2026 22:47:37.798] [main/DEBUG] [net.neoforged.fml.loading.moddiscovery.ModDiscoverer/]: Skipping /home/potat/.gradle/caches/modules-2/files-2.1/net.fabricmc/sponge-mixin/0.15.2+mixin.0.8.7/2af2f021d8e02a0220dc27a7a72b4666d66d44ca/sponge-mixin-0.15.2+mixin.0.8.7.jar because it was already located earlier
[14Sept2026 22:47:37.798] [main/DEBUG] [net.neoforged.fml.loading.moddiscovery.ModDiscoverer/]: Skipping /home/potat/.gradle/caches/modules-2/files-2.1/org.openjdk.nashorn/nashorn-core/15.4/f67f5ffaa5f5130cf6fb9b133da00c7df3b532a5/nashorn-core-15.4.jar because it was already located earlier
[14Sept2026 22:47:37.798] [main/DEBUG] [net.neoforged.fml.loading.moddiscovery.ModDiscoverer/]: Skipping /home/potat/.gradle/caches/modules-2/files-2.1/org.apache.commons/commons-lang3/3.14.0/1ed471194b02f2c6cb734a0cd6f6f107c673afae/commons-lang3-3.14.0.jar because it was already located earlier
[14Sept2026 22:47:37.799] [main/DEBUG] [net.neoforged.fml.loading.moddiscovery.ModDiscoverer/]: Skipping /home/potat/.gradle/caches/modules-2/files-2.1/net.sf.jopt-simple/jopt-simple/5.0.4/4fdac2fbe92dfad86aa6e9301736f6b4342a3f5c/jopt-simple-5.0.4.jar because it was already located earlier
[14Sept2026 22:47:37.799] [main/DEBUG] [net.neoforged.fml.loading.moddiscovery.ModDiscoverer/]: Skipping /home/potat/.gradle/caches/modules-2/files-2.1/commons-io/commons-io/2.15.1/f11560da189ab563a5c8e351941415430e9304ea/commons-io-2.15.1.jar because it was already located earlier
[14Sept2026 22:47:37.799] [main/DEBUG] [net.neoforged.fml.loading.moddiscovery.ModDiscoverer/]: Skipping /home/potat/.gradle/caches/modules-2/files-2.1/com.mojang/logging/1.2.7/24cb95ffb0e3433fd6e844c04e68009e504ca1c0/logging-1.2.7.jar because it was already located earlier
[14Sept2026 22:47:37.799] [main/DEBUG] [net.neoforged.fml.loading.moddiscovery.ModDiscoverer/]: Skipping /home/potat/.gradle/caches/modules-2/files-2.1/org.apache.logging.log4j/log4j-slf4j2-impl/2.22.1/d7e6693c2606cb7e7335047d7bb96dec52db5665/log4j-slf4j2-impl-2.22.1.jar because it was already located earlier
[14Sept2026 22:47:37.799] [main/DEBUG] [net.neoforged.fml.loading.moddiscovery.ModDiscoverer/]: Skipping /home/potat/.gradle/caches/modules-2/files-2.1/org.apache.logging.log4j/log4j-core/2.22.1/7183a25510a02ad00cc6a95d3b3d2a7d3c5a8dc4/log4j-core-2.22.1.jar because it was already located earlier
[14Sept2026 22:47:37.799] [main/DEBUG] [net.neoforged.fml.loading.moddiscovery.ModDiscoverer/]: Skipping /home/potat/.gradle/caches/modules-2/files-2.1/org.apache.logging.log4j/log4j-api/2.22.1/bea6fede6328fabafd7e68363161a7ea6605abd1/log4j-api-2.22.1.jar because it was already located earlier
[14Sept2026 22:47:37.799] [main/DEBUG] [net.neoforged.fml.loading.moddiscovery.ModDiscoverer/]: Skipping /home/potat/.gradle/caches/modules-2/files-2.1/com.google.guava/guava/32.1.2-jre/5e64ec7e056456bef3a4bc4c6fdaef71e8ab6318/guava-32.1.2-jre.jar because it was already located earlier
[14Sept2026 22:47:37.799] [main/DEBUG] [net.neoforged.fml.loading.moddiscovery.ModDiscoverer/]: Skipping /home/potat/.gradle/caches/modules-2/files-2.1/com.google.code.gson/gson/2.10.1/b3add478d4382b78ea20b1671390a858002feb6c/gson-2.10.1.jar because it was already located earlier
[14Sept2026 22:47:37.799] [main/DEBUG] [net.neoforged.fml.loading.moddiscovery.ModDiscoverer/]: Skipping /home/potat/.gradle/caches/modules-2/files-2.1/org.slf4j/slf4j-api/2.0.9/7cf2726fdcfbc8610f9a71fb3ed639871f315340/slf4j-api-2.0.9.jar because it was already located earlier
[14Sept2026 22:47:37.799] [main/DEBUG] [net.neoforged.fml.loading.moddiscovery.ModDiscoverer/]: Skipping /home/potat/.gradle/caches/modules-2/files-2.1/org.antlr/antlr4-runtime/4.13.1/17125bae1d965624e265ef49552f6465a2bfa307/antlr4-runtime-4.13.1.jar because it was already located earlier
[14Sept2026 22:47:37.799] [main/DEBUG] [net.neoforged.fml.loading.moddiscovery.ModDiscoverer/]: Skipping /home/potat/.gradle/caches/modules-2/files-2.1/net.minecraftforge/srgutils/0.4.15/ca408b131759478f164e010fae0d73997e125fb5/srgutils-0.4.15.jar because it was already located earlier
[14Sept2026 22:47:37.799] [main/DEBUG] [net.neoforged.fml.loading.moddiscovery.ModDiscoverer/]: Skipping /home/potat/.gradle/caches/modules-2/files-2.1/org.codehaus.plexus/plexus-utils/3.3.0/cf43b5391de623b36fe066a21127baef82c64022/plexus-utils-3.3.0.jar because it was already located earlier
[14Sept2026 22:47:37.800] [main/DEBUG] [net.neoforged.fml.loading.moddiscovery.ModDiscoverer/]: Skipping /home/potat/.gradle/caches/modules-2/files-2.1/org.jline/jline-reader/3.20.0/8f15415b022a25b473e8e16c28ae913186ffb9c4/jline-reader-3.20.0.jar because it was already located earlier
[14Sept2026 22:47:37.800] [main/DEBUG] [net.neoforged.fml.loading.moddiscovery.ModDiscoverer/]: Skipping /home/potat/.gradle/caches/modules-2/files-2.1/com.machinezoo.noexception/noexception/1.7.1/b65330c98e38a1f915fa54a6e5eca496505e3f0a/noexception-1.7.1.jar because it was already located earlier
[14Sept2026 22:47:37.800] [main/DEBUG] [net.neoforged.fml.loading.moddiscovery.ModDiscoverer/]: Skipping /home/potat/.gradle/caches/modules-2/files-2.1/com.github.oshi/oshi-core/6.4.10/b1d8ab82d11d92fd639b56d639f8f46f739dd5fa/oshi-core-6.4.10.jar because it was already located earlier
[14Sept2026 22:47:37.800] [main/DEBUG] [net.neoforged.fml.loading.moddiscovery.ModDiscoverer/]: Skipping /home/potat/.gradle/caches/modules-2/files-2.1/com.google.guava/failureaccess/1.0.1/1dcf1de382a0bf95a3d8b0849546c88bac1292c9/failureaccess-1.0.1.jar because it was already located earlier
[14Sept2026 22:47:37.803] [main/DEBUG] [net.neoforged.fml.loading.moddiscovery.ModDiscoverer/]: Skipping /home/potat/.gradle/caches/modules-2/files-2.1/com.mojang/authlib/6.0.54/de8bc95660e1b2fe8793fd427a7a10dcec5b3ea7/authlib-6.0.54.jar because it was already located earlier
[14Sept2026 22:47:37.803] [main/DEBUG] [net.neoforged.fml.loading.moddiscovery.ModDiscoverer/]: Skipping /home/potat/.gradle/caches/modules-2/files-2.1/com.mojang/brigadier/1.3.10/d15b53a14cf20fdcaa98f731af5dda654452c010/brigadier-1.3.10.jar because it was already located earlier
[14Sept2026 22:47:37.803] [main/DEBUG] [net.neoforged.fml.loading.moddiscovery.ModDiscoverer/]: Skipping /home/potat/.gradle/caches/modules-2/files-2.1/com.mojang/datafixerupper/8.0.16/67d4de6d7f95d89bcf5862995fb854ebaec02a34/datafixerupper-8.0.16.jar because it was already located earlier
[14Sept2026 22:47:37.804] [main/DEBUG] [net.neoforged.fml.loading.moddiscovery.ModDiscoverer/]: Skipping /home/potat/.gradle/caches/modules-2/files-2.1/io.netty/netty-buffer/4.1.97.Final/f8f3d8644afa5e6e1a40a3a6aeb9d9aa970ecb4f/netty-buffer-4.1.97.Final.jar because it was already located earlier
[14Sept2026 22:47:37.804] [main/DEBUG] [net.neoforged.fml.loading.moddiscovery.ModDiscoverer/]: Skipping /home/potat/.gradle/caches/modules-2/files-2.1/io.netty/netty-codec/4.1.97.Final/384ba4d75670befbedb45c4d3b497a93639c206d/netty-codec-4.1.97.Final.jar because it was already located earlier
[14Sept2026 22:47:37.805] [main/DEBUG] [net.neoforged.fml.loading.moddiscovery.ModDiscoverer/]: Skipping /home/potat/.gradle/caches/modules-2/files-2.1/io.netty/netty-common/4.1.97.Final/7cceacaf11df8dc63f23d0fb58e9d4640fc88404/netty-common-4.1.97.Final.jar because it was already located earlier
[14Sept2026 22:47:37.805] [main/DEBUG] [net.neoforged.fml.loading.moddiscovery.ModDiscoverer/]: Skipping /home/potat/.gradle/caches/modules-2/files-2.1/io.netty/netty-handler/4.1.97.Final/abb86c6906bf512bf2b797a41cd7d2e8d3cd7c36/netty-handler-4.1.97.Final.jar because it was already located earlier
[14Sept2026 22:47:37.805] [main/DEBUG] [net.neoforged.fml.loading.moddiscovery.ModDiscoverer/]: Skipping /home/potat/.gradle/caches/modules-2/files-2.1/io.netty/netty-resolver/4.1.97.Final/cec8348108dc76c47cf87c669d514be52c922144/netty-resolver-4.1.97.Final.jar because it was already located earlier
[14Sept2026 22:47:37.805] [main/DEBUG] [net.neoforged.fml.loading.moddiscovery.ModDiscoverer/]: Skipping /home/potat/.gradle/caches/modules-2/files-2.1/io.netty/netty-transport-classes-epoll/4.1.97.Final/795da37ded759e862457a82d9d92c4d39ce8ecee/netty-transport-classes-epoll-4.1.97.Final.jar because it was already located earlier
[14Sept2026 22:47:37.805] [main/DEBUG] [net.neoforged.fml.loading.moddiscovery.ModDiscoverer/]: Skipping /home/potat/.gradle/caches/modules-2/files-2.1/io.netty/netty-transport-native-unix-common/4.1.97.Final/d469d84265ab70095b01b40886cabdd433b6e664/netty-transport-native-unix-common-4.1.97.Final.jar because it was already located earlier
[14Sept2026 22:47:37.805] [main/DEBUG] [net.neoforged.fml.loading.moddiscovery.ModDiscoverer/]: Skipping /home/potat/.gradle/caches/modules-2/files-2.1/io.netty/netty-transport/4.1.97.Final/f37380d23c9bb079bc702910833b2fd532c9abd0/netty-transport-4.1.97.Final.jar because it was already located earlier
[14Sept2026 22:47:37.805] [main/DEBUG] [net.neoforged.fml.loading.moddiscovery.ModDiscoverer/]: Skipping /home/potat/.gradle/caches/modules-2/files-2.1/it.unimi.dsi/fastutil/8.5.12/c24946d46824bd528054bface3231d2ecb7e95e8/fastutil-8.5.12.jar because it was already located earlier
[14Sept2026 22:47:37.805] [main/DEBUG] [net.neoforged.fml.loading.moddiscovery.ModDiscoverer/]: Skipping /home/potat/.gradle/caches/modules-2/files-2.1/net.java.dev.jna/jna-platform/5.14.0/28934d48aed814f11e4c584da55c49fa7032b31b/jna-platform-5.14.0.jar because it was already located earlier
[14Sept2026 22:47:37.805] [main/DEBUG] [net.neoforged.fml.loading.moddiscovery.ModDiscoverer/]: Skipping /home/potat/.gradle/caches/modules-2/files-2.1/net.java.dev.jna/jna/5.14.0/67bf3eaea4f0718cb376a181a629e5f88fa1c9dd/jna-5.14.0.jar because it was already located earlier
[14Sept2026 22:47:37.808] [main/DEBUG] [net.neoforged.fml.loading.moddiscovery.ModDiscoverer/]: Skipping /home/potat/.gradle/caches/modules-2/files-2.1/org.joml/joml/1.10.5/22566d58af70ad3d72308bab63b8339906deb649/joml-1.10.5.jar because it was already located earlier
[14Sept2026 22:47:37.812] [main/DEBUG] [net.neoforged.fml.loading.moddiscovery.ModDiscoverer/]: Skipping /home/potat/.gradle/caches/modules-2/files-2.1/org.lz4/lz4-java/1.8.0/4b986a99445e49ea5fbf5d149c4b63f6ed6c6780/lz4-java-1.8.0.jar because it was already located earlier
[14Sept2026 22:47:37.812] [main/DEBUG] [net.neoforged.fml.loading.moddiscovery.ModDiscoverer/]: Skipping /home/potat/.gradle/caches/modules-2/files-2.1/org.jline/jline-terminal/3.20.0/d0ddcc708ddf527a3454c941b7b9225cc83a15ff/jline-terminal-3.20.0.jar because it was already located earlier
[14Sept2026 22:47:37.812] [main/DEBUG] [net.neoforged.fml.loading.moddiscovery.ModDiscoverer/]: Skipping /home/potat/.gradle/caches/modules-2/files-2.1/io.netty/netty-transport-native-epoll/4.1.97.Final/5514744c588190ffda076b35a9b8c9f24946a960/netty-transport-native-epoll-4.1.97.Final-linux-aarch_64.jar because it was already located earlier
[14Sept2026 22:47:37.812] [main/DEBUG] [net.neoforged.fml.loading.moddiscovery.ModDiscoverer/]: Skipping /home/potat/.gradle/caches/modules-2/files-2.1/io.netty/netty-transport-native-epoll/4.1.97.Final/54188f271e388e7f313aea995e82f58ce2cdb809/netty-transport-native-epoll-4.1.97.Final-linux-x86_64.jar because it was already located earlier
[14Sept2026 22:47:37.813] [main/DEBUG] [net.neoforged.fml.loading.moddiscovery.ModDiscoverer/]: Skipping /home/potat/.gradle/caches/modules-2/files-2.1/com.google.guava/listenablefuture/9999.0-empty-to-avoid-conflict-with-guava/b421526c5f297295adef1c886e5246c39d4ac629/listenablefuture-9999.0-empty-to-avoid-conflict-with-guava.jar because it was already located earlier
[14Sept2026 22:47:37.813] [main/DEBUG] [net.neoforged.fml.loading.moddiscovery.ModDiscoverer/]: Skipping /home/potat/.gradle/caches/modules-2/files-2.1/com.google.code.findbugs/jsr305/3.0.2/25ea2e8b0c338a877313bd4672d3fe056ea78f0d/jsr305-3.0.2.jar because it was already located earlier
[14Sept2026 22:47:37.813] [main/DEBUG] [net.neoforged.fml.loading.moddiscovery.ModDiscoverer/]: Skipping /home/potat/.gradle/caches/modules-2/files-2.1/org.checkerframework/checker-qual/3.33.0/de2b60b62da487644fc11f734e73c8b0b431238f/checker-qual-3.33.0.jar because it was already located earlier
[14Sept2026 22:47:37.813] [main/DEBUG] [net.neoforged.fml.loading.moddiscovery.ModDiscoverer/]: Skipping /home/potat/.gradle/caches/modules-2/files-2.1/com.google.errorprone/error_prone_annotations/2.18.0/89b684257096f548fa39a7df9fdaa409d4d4df91/error_prone_annotations-2.18.0.jar because it was already located earlier
[14Sept2026 22:47:37.813] [main/DEBUG] [net.neoforged.fml.loading.moddiscovery.ModDiscoverer/]: Skipping /home/potat/.gradle/caches/modules-2/files-2.1/com.google.j2objc/j2objc-annotations/2.8/c85270e307e7b822f1086b93689124b89768e273/j2objc-annotations-2.8.jar because it was already located earlier
[14Sept2026 22:47:37.814] [main/DEBUG] [net.neoforged.fml.loading.UniqueModListBuilder/]: Found 2 mods for first modid neoforge, selecting most recent based on version data
[14Sept2026 22:47:37.815] [main/DEBUG] [net.neoforged.fml.loading.UniqueModListBuilder/]: Selected file neoforge-21.1.250.jar for modid neoforge with version 21.1.250
[14Sept2026 22:47:37.877] [main/INFO] [net.neoforged.fml.loading.moddiscovery.locators.JarInJarDependencyLocator/]: Found 2 dependencies adding them to mods collection
[14Sept2026 22:47:37.878] [main/INFO] [net.neoforged.fml.loading.moddiscovery.ModDiscoverer/]: 
     Mod List:
		Name Version (Mod Id)

		Minecraft 1.21.1 (minecraft)
		NeoForge 21.1.250 (neoforge)
		Wartime 1.0-SNAPSHOT (wartime)
[14Sept2026 22:47:37.879] [main/DEBUG] [net.neoforged.fml.loading.moddiscovery.ModFileInfo/LOADING]: Found valid mod file neoforge-21.1.250.jar with {minecraft} mods - versions {1.21.1}
[14Sept2026 22:47:37.881] [main/DEBUG] [net.neoforged.fml.loading.moddiscovery.ModFile/LOADING]: Loading mod file /home/potat/IdeaProjects/Wartime/build/moddev/artifacts/neoforge-21.1.250.jar with languages [LanguageSpec[languageName=minecraft, acceptedVersions=1]]
[14Sept2026 22:47:37.882] [main/DEBUG] [net.neoforged.fml.loading.moddiscovery.ModFileParser/LOADING]: Considering mod file candidate /home/potat/IdeaProjects/Wartime/build/moddev/artifacts/neoforge-21.1.250.jar
[14Sept2026 22:47:37.883] [main/DEBUG] [net.neoforged.fml.loading.moddiscovery.ModFileInfo/LOADING]: Found valid mod file neoforge-21.1.250.jar with {neoforge} mods - versions {21.1.250}
[14Sept2026 22:47:37.883] [main/DEBUG] [net.neoforged.fml.loading.moddiscovery.ModFile/LOADING]: Loading mod file /home/potat/IdeaProjects/Wartime/build/moddev/artifacts/neoforge-21.1.250.jar with languages [LanguageSpec[languageName=javafml, acceptedVersions=[3,]]]
[14Sept2026 22:47:37.883] [main/DEBUG] [net.neoforged.fml.loading.moddiscovery.ModFile/LOADING]: Found mixin config MixinConfig[config=neoforge.mixins.json, requiredMods=[]]
[14Sept2026 22:47:37.883] [main/DEBUG] [net.neoforged.fml.loading.moddiscovery.ModFileParser/LOADING]: Considering mod file candidate /home/potat/IdeaProjects/Wartime/build/classes/java/main
[14Sept2026 22:47:37.885] [main/DEBUG] [net.neoforged.fml.loading.moddiscovery.ModFileInfo/LOADING]: Found valid mod file main with {wartime} mods - versions {1.0-SNAPSHOT}
[14Sept2026 22:47:37.885] [main/DEBUG] [net.neoforged.fml.loading.moddiscovery.ModFile/LOADING]: Loading mod file /home/potat/IdeaProjects/Wartime/build/classes/java/main with languages [LanguageSpec[languageName=javafml, acceptedVersions=[4,)]]
[14Sept2026 22:47:37.885] [main/DEBUG] [net.neoforged.fml.loading.moddiscovery.ModFile/LOADING]: Found mixin config MixinConfig[config=wartime.mixins.json, requiredMods=[]]
[14Sept2026 22:47:37.885] [main/DEBUG] [net.neoforged.fml.loading.moddiscovery.ModFile/LOADING]: Loading mod file  with languages []
[14Sept2026 22:47:37.886] [main/DEBUG] [cpw.mods.modlauncher.TransformationServiceDecorator/MODLAUNCHER]: End scan trigger - transformation service fml
[14Sept2026 22:47:37.893] [main/DEBUG] [net.neoforged.fml.util.ServiceLoaderUtil/CORE]: Found 3 implementations of IModLanguageLoader:
[14Sept2026 22:47:37.893] [main/DEBUG] [net.neoforged.fml.util.ServiceLoaderUtil/CORE]: 	net.neoforged.fml.javafmlmod.FMLJavaModLanguageProvider from loader-4.0.44.jar
[14Sept2026 22:47:37.893] [main/DEBUG] [net.neoforged.fml.util.ServiceLoaderUtil/CORE]: 	net.neoforged.fml.lowcodemod.LowCodeModLanguageProvider from loader-4.0.44.jar
[14Sept2026 22:47:37.893] [main/DEBUG] [net.neoforged.fml.util.ServiceLoaderUtil/CORE]: 	net.neoforged.fml.mclanguageprovider.MinecraftModLanguageProvider from loader-4.0.44.jar
[14Sept2026 22:47:37.893] [main/DEBUG] [net.neoforged.fml.loading.LanguageProviderLoader/CORE]: Found language provider javafml, version 4.0.44
[14Sept2026 22:47:37.894] [main/DEBUG] [net.neoforged.fml.loading.LanguageProviderLoader/CORE]: Found language provider lowcodefml, version 4.0.44
[14Sept2026 22:47:37.894] [main/DEBUG] [net.neoforged.fml.loading.LanguageProviderLoader/CORE]: Found language provider minecraft, version 4.0.44
[14Sept2026 22:47:37.896] [main/DEBUG] [net.neoforged.fml.loading.ModSorter/]: Configured system mods: [minecraft, neoforge]
[14Sept2026 22:47:37.897] [main/DEBUG] [net.neoforged.fml.loading.ModSorter/]: Found system mod: minecraft
[14Sept2026 22:47:37.897] [main/DEBUG] [net.neoforged.fml.loading.ModSorter/]: Found system mod: neoforge
[14Sept2026 22:47:37.898] [main/DEBUG] [net.neoforged.fml.loading.ModSorter/LOADING]: Found 2 mod requirements (2 mandatory, 0 optional)
[14Sept2026 22:47:37.898] [main/DEBUG] [net.neoforged.fml.loading.ModSorter/LOADING]: Found 0 mod requirements missing (0 mandatory, 0 optional)
[14Sept2026 22:47:37.995] [main/DEBUG] [mixin/]: Adding mixin platform agents for container net.neoforged.fml.loading.mixin.FMLMixinContainerHandle@982bb90
[14Sept2026 22:47:37.995] [main/DEBUG] [mixin/]: Instancing new MixinPlatformAgentMinecraftForge for net.neoforged.fml.loading.mixin.FMLMixinContainerHandle@982bb90
[14Sept2026 22:47:37.995] [main/DEBUG] [mixin/]: MixinPlatformAgentMinecraftForge rejected container net.neoforged.fml.loading.mixin.FMLMixinContainerHandle@982bb90
[14Sept2026 22:47:37.995] [main/DEBUG] [mixin/]: Instancing new MixinPlatformAgentDefault for net.neoforged.fml.loading.mixin.FMLMixinContainerHandle@982bb90
[14Sept2026 22:47:37.996] [main/DEBUG] [mixin/]: MixinPlatformAgentDefault accepted container net.neoforged.fml.loading.mixin.FMLMixinContainerHandle@982bb90
[14Sept2026 22:47:37.996] [main/DEBUG] [mixin/]: Instancing new FMLMixinPlatformAgent for net.neoforged.fml.loading.mixin.FMLMixinContainerHandle@982bb90
[14Sept2026 22:47:37.996] [main/DEBUG] [mixin/]: FMLMixinPlatformAgent accepted container net.neoforged.fml.loading.mixin.FMLMixinContainerHandle@982bb90
[14Sept2026 22:47:38.000] [main/DEBUG] [cpw.mods.modlauncher.TransformationServicesHandler/MODLAUNCHER]: Transformation services loading transformers
[14Sept2026 22:47:38.001] [main/DEBUG] [cpw.mods.modlauncher.TransformationServiceDecorator/MODLAUNCHER]: Initializing transformers for transformation service mixin
[14Sept2026 22:47:38.001] [main/DEBUG] [cpw.mods.modlauncher.TransformationServiceDecorator/MODLAUNCHER]: Initialized transformers for transformation service mixin
[14Sept2026 22:47:38.001] [main/DEBUG] [cpw.mods.modlauncher.TransformationServiceDecorator/MODLAUNCHER]: Initializing transformers for transformation service fml
[14Sept2026 22:47:38.002] [main/DEBUG] [net.neoforged.fml.loading.FMLServiceProvider/LOADING]: Loading coremod transformers
[14Sept2026 22:47:38.002] [main/DEBUG] [net.neoforged.fml.loading.FMLServiceProvider/CORE]: Not loading coremod script-engine since no mod requested it
[14Sept2026 22:47:38.003] [main/DEBUG] [net.neoforged.fml.util.ServiceLoaderUtil/CORE]: Found 1 implementations of ICoreMod:
[14Sept2026 22:47:38.003] [main/DEBUG] [net.neoforged.fml.util.ServiceLoaderUtil/CORE]: 	net.neoforged.neoforge.coremods.NeoForgeCoreMod from neoforge-21.1.250.jar > net.neoforged.neoforge-coremods-21.1.250.jar
[14Sept2026 22:47:38.007] [main/DEBUG] [net.neoforged.fml.loading.FMLServiceProvider/CORE]: Adding [Target[className=net.minecraft.world.level.biome.Biome, elementName=, elementDescriptor=, targetType=cpw.mods.modlauncher.api.TargetType@5fe1ce85]] transformer from core-mod net.neoforged.neoforge.coremods.NeoForgeCoreMod@460b6d54 in neoforge-21.1.250.jar > net.neoforged.neoforge-coremods-21.1.250.jar
[14Sept2026 22:47:38.008] [main/DEBUG] [net.neoforged.fml.loading.FMLServiceProvider/CORE]: Adding [Target[className=net.minecraft.world.level.levelgen.structure.Structure, elementName=, elementDescriptor=, targetType=cpw.mods.modlauncher.api.TargetType@5fe1ce85]] transformer from core-mod net.neoforged.neoforge.coremods.NeoForgeCoreMod@460b6d54 in neoforge-21.1.250.jar > net.neoforged.neoforge-coremods-21.1.250.jar
[14Sept2026 22:47:38.008] [main/DEBUG] [net.neoforged.fml.loading.FMLServiceProvider/CORE]: Adding [Target[className=net.minecraft.world.level.block.FlowerPotBlock, elementName=, elementDescriptor=, targetType=cpw.mods.modlauncher.api.TargetType@5fe1ce85]] transformer from core-mod net.neoforged.neoforge.coremods.NeoForgeCoreMod@460b6d54 in neoforge-21.1.250.jar > net.neoforged.neoforge-coremods-21.1.250.jar
[14Sept2026 22:47:38.008] [main/DEBUG] [net.neoforged.fml.loading.FMLServiceProvider/CORE]: Adding [Target[className=net/minecraft/world/level/levelgen/PatrolSpawner, elementName=, elementDescriptor=, targetType=cpw.mods.modlauncher.api.TargetType@5fe1ce85], Target[className=net/minecraft/world/entity/monster/ZombieVillager, elementName=, elementDescriptor=, targetType=cpw.mods.modlauncher.api.TargetType@5fe1ce85], Target[className=net/minecraft/server/commands/RaidCommand, elementName=, elementDescriptor=, targetType=cpw.mods.modlauncher.api.TargetType@5fe1ce85], Target[className=net/minecraft/world/level/levelgen/structure/structures/OceanMonumentPieces$OceanMonumentPiece, elementName=, elementDescriptor=, targetType=cpw.mods.modlauncher.api.TargetType@5fe1ce85], Target[className=net/minecraft/world/entity/raid/Raid, elementName=, elementDescriptor=, targetType=cpw.mods.modlauncher.api.TargetType@5fe1ce85], Target[className=net/minecraft/world/level/NaturalSpawner, elementName=, elementDescriptor=, targetType=cpw.mods.modlauncher.api.TargetType@5fe1ce85], Target[className=net/minecraft/world/entity/monster/Spider, elementName=, elementDescriptor=, targetType=cpw.mods.modlauncher.api.TargetType@5fe1ce85], Target[className=net/minecraft/world/entity/monster/Zombie, elementName=, elementDescriptor=, targetType=cpw.mods.modlauncher.api.TargetType@5fe1ce85], Target[className=net/minecraft/world/entity/npc/Villager, elementName=, elementDescriptor=, targetType=cpw.mods.modlauncher.api.TargetType@5fe1ce85], Target[className=net/minecraft/world/entity/EntityType, elementName=, elementDescriptor=, targetType=cpw.mods.modlauncher.api.TargetType@5fe1ce85], Target[className=net/minecraft/world/level/levelgen/PhantomSpawner, elementName=, elementDescriptor=, targetType=cpw.mods.modlauncher.api.TargetType@5fe1ce85], Target[className=net/minecraft/server/commands/SummonCommand, elementName=, elementDescriptor=, targetType=cpw.mods.modlauncher.api.TargetType@5fe1ce85], Target[className=net/minecraft/world/entity/monster/Strider, elementName=, elementDescriptor=, targetType=cpw.mods.modlauncher.api.TargetType@5fe1ce85], Target[className=net/minecraft/world/level/levelgen/structure/structures/WoodlandMansionPieces$WoodlandMansionPiece, elementName=, elementDescriptor=, targetType=cpw.mods.modlauncher.api.TargetType@5fe1ce85], Target[className=net/minecraft/world/entity/animal/horse/SkeletonTrapGoal, elementName=, elementDescriptor=, targetType=cpw.mods.modlauncher.api.TargetType@5fe1ce85], Target[className=net/minecraft/world/entity/npc/CatSpawner, elementName=, elementDescriptor=, targetType=cpw.mods.modlauncher.api.TargetType@5fe1ce85], Target[className=net/minecraft/world/entity/animal/frog/Tadpole, elementName=, elementDescriptor=, targetType=cpw.mods.modlauncher.api.TargetType@5fe1ce85], Target[className=net/minecraft/world/level/levelgen/structure/structures/SwampHutPiece, elementName=, elementDescriptor=, targetType=cpw.mods.modlauncher.api.TargetType@5fe1ce85], Target[className=net/minecraft/world/entity/ai/village/VillageSiege, elementName=, elementDescriptor=, targetType=cpw.mods.modlauncher.api.TargetType@5fe1ce85], Target[className=net/minecraft/world/entity/monster/Evoker$EvokerSummonSpellGoal, elementName=, elementDescriptor=, targetType=cpw.mods.modlauncher.api.TargetType@5fe1ce85], Target[className=net/minecraft/world/level/levelgen/structure/templatesystem/StructureTemplate, elementName=, elementDescriptor=, targetType=cpw.mods.modlauncher.api.TargetType@5fe1ce85], Target[className=net/minecraft/world/level/levelgen/structure/structures/OceanRuinPieces$OceanRuinPiece, elementName=, elementDescriptor=, targetType=cpw.mods.modlauncher.api.TargetType@5fe1ce85]] transformer from core-mod net.neoforged.neoforge.coremods.NeoForgeCoreMod@460b6d54 in neoforge-21.1.250.jar > net.neoforged.neoforge-coremods-21.1.250.jar
[14Sept2026 22:47:38.009] [main/DEBUG] [cpw.mods.modlauncher.TransformStore/MODLAUNCHER]: Adding transformer net.neoforged.neoforge.coremods.ReplaceFieldWithGetterAccess@989da1 to Target : cpw.mods.modlauncher.api.TargetType@5fe1ce85 {Lnet/minecraft/world/level/biome/Biome;} {} {V}
[14Sept2026 22:47:38.010] [main/DEBUG] [cpw.mods.modlauncher.TransformStore/MODLAUNCHER]: Adding transformer net.neoforged.neoforge.coremods.ReplaceFieldWithGetterAccess@383f1975 to Target : cpw.mods.modlauncher.api.TargetType@5fe1ce85 {Lnet/minecraft/world/level/levelgen/structure/Structure;} {} {V}
[14Sept2026 22:47:38.010] [main/DEBUG] [cpw.mods.modlauncher.TransformStore/MODLAUNCHER]: Adding transformer net.neoforged.neoforge.coremods.ReplaceFieldWithGetterAccess@441cc260 to Target : cpw.mods.modlauncher.api.TargetType@5fe1ce85 {Lnet/minecraft/world/level/block/FlowerPotBlock;} {} {V}
[14Sept2026 22:47:38.010] [main/DEBUG] [cpw.mods.modlauncher.TransformStore/MODLAUNCHER]: Adding transformer net.neoforged.neoforge.coremods.MethodRedirector@73a00e09 to Target : cpw.mods.modlauncher.api.TargetType@5fe1ce85 {Lnet/minecraft/world/level/levelgen/PatrolSpawner;} {} {V}
[14Sept2026 22:47:38.011] [main/DEBUG] [cpw.mods.modlauncher.TransformStore/MODLAUNCHER]: Adding transformer net.neoforged.neoforge.coremods.MethodRedirector@73a00e09 to Target : cpw.mods.modlauncher.api.TargetType@5fe1ce85 {Lnet/minecraft/world/entity/monster/ZombieVillager;} {} {V}
[14Sept2026 22:47:38.011] [main/DEBUG] [cpw.mods.modlauncher.TransformStore/MODLAUNCHER]: Adding transformer net.neoforged.neoforge.coremods.MethodRedirector@73a00e09 to Target : cpw.mods.modlauncher.api.TargetType@5fe1ce85 {Lnet/minecraft/server/commands/RaidCommand;} {} {V}
[14Sept2026 22:47:38.011] [main/DEBUG] [cpw.mods.modlauncher.TransformStore/MODLAUNCHER]: Adding transformer net.neoforged.neoforge.coremods.MethodRedirector@73a00e09 to Target : cpw.mods.modlauncher.api.TargetType@5fe1ce85 {Lnet/minecraft/world/level/levelgen/structure/structures/OceanMonumentPieces$OceanMonumentPiece;} {} {V}
[14Sept2026 22:47:38.011] [main/DEBUG] [cpw.mods.modlauncher.TransformStore/MODLAUNCHER]: Adding transformer net.neoforged.neoforge.coremods.MethodRedirector@73a00e09 to Target : cpw.mods.modlauncher.api.TargetType@5fe1ce85 {Lnet/minecraft/world/entity/raid/Raid;} {} {V}
[14Sept2026 22:47:38.011] [main/DEBUG] [cpw.mods.modlauncher.TransformStore/MODLAUNCHER]: Adding transformer net.neoforged.neoforge.coremods.MethodRedirector@73a00e09 to Target : cpw.mods.modlauncher.api.TargetType@5fe1ce85 {Lnet/minecraft/world/level/NaturalSpawner;} {} {V}
[14Sept2026 22:47:38.011] [main/DEBUG] [cpw.mods.modlauncher.TransformStore/MODLAUNCHER]: Adding transformer net.neoforged.neoforge.coremods.MethodRedirector@73a00e09 to Target : cpw.mods.modlauncher.api.TargetType@5fe1ce85 {Lnet/minecraft/world/entity/monster/Spider;} {} {V}
[14Sept2026 22:47:38.024] [main/DEBUG] [cpw.mods.modlauncher.TransformStore/MODLAUNCHER]: Adding transformer net.neoforged.neoforge.coremods.MethodRedirector@73a00e09 to Target : cpw.mods.modlauncher.api.TargetType@5fe1ce85 {Lnet/minecraft/world/entity/monster/Zombie;} {} {V}
[14Sept2026 22:47:38.025] [main/DEBUG] [cpw.mods.modlauncher.TransformStore/MODLAUNCHER]: Adding transformer net.neoforged.neoforge.coremods.MethodRedirector@73a00e09 to Target : cpw.mods.modlauncher.api.TargetType@5fe1ce85 {Lnet/minecraft/world/entity/npc/Villager;} {} {V}
[14Sept2026 22:47:38.025] [main/DEBUG] [cpw.mods.modlauncher.TransformStore/MODLAUNCHER]: Adding transformer net.neoforged.neoforge.coremods.MethodRedirector@73a00e09 to Target : cpw.mods.modlauncher.api.TargetType@5fe1ce85 {Lnet/minecraft/world/entity/EntityType;} {} {V}
[14Sept2026 22:47:38.025] [main/DEBUG] [cpw.mods.modlauncher.TransformStore/MODLAUNCHER]: Adding transformer net.neoforged.neoforge.coremods.MethodRedirector@73a00e09 to Target : cpw.mods.modlauncher.api.TargetType@5fe1ce85 {Lnet/minecraft/world/level/levelgen/PhantomSpawner;} {} {V}
[14Sept2026 22:47:38.025] [main/DEBUG] [cpw.mods.modlauncher.TransformStore/MODLAUNCHER]: Adding transformer net.neoforged.neoforge.coremods.MethodRedirector@73a00e09 to Target : cpw.mods.modlauncher.api.TargetType@5fe1ce85 {Lnet/minecraft/server/commands/SummonCommand;} {} {V}
[14Sept2026 22:47:38.026] [main/DEBUG] [cpw.mods.modlauncher.TransformStore/MODLAUNCHER]: Adding transformer net.neoforged.neoforge.coremods.MethodRedirector@73a00e09 to Target : cpw.mods.modlauncher.api.TargetType@5fe1ce85 {Lnet/minecraft/world/entity/monster/Strider;} {} {V}
[14Sept2026 22:47:38.026] [main/DEBUG] [cpw.mods.modlauncher.TransformStore/MODLAUNCHER]: Adding transformer net.neoforged.neoforge.coremods.MethodRedirector@73a00e09 to Target : cpw.mods.modlauncher.api.TargetType@5fe1ce85 {Lnet/minecraft/world/level/levelgen/structure/structures/WoodlandMansionPieces$WoodlandMansionPiece;} {} {V}
[14Sept2026 22:47:38.026] [main/DEBUG] [cpw.mods.modlauncher.TransformStore/MODLAUNCHER]: Adding transformer net.neoforged.neoforge.coremods.MethodRedirector@73a00e09 to Target : cpw.mods.modlauncher.api.TargetType@5fe1ce85 {Lnet/minecraft/world/entity/animal/horse/SkeletonTrapGoal;} {} {V}
[14Sept2026 22:47:38.026] [main/DEBUG] [cpw.mods.modlauncher.TransformStore/MODLAUNCHER]: Adding transformer net.neoforged.neoforge.coremods.MethodRedirector@73a00e09 to Target : cpw.mods.modlauncher.api.TargetType@5fe1ce85 {Lnet/minecraft/world/entity/npc/CatSpawner;} {} {V}
[14Sept2026 22:47:38.026] [main/DEBUG] [cpw.mods.modlauncher.TransformStore/MODLAUNCHER]: Adding transformer net.neoforged.neoforge.coremods.MethodRedirector@73a00e09 to Target : cpw.mods.modlauncher.api.TargetType@5fe1ce85 {Lnet/minecraft/world/entity/animal/frog/Tadpole;} {} {V}
[14Sept2026 22:47:38.026] [main/DEBUG] [cpw.mods.modlauncher.TransformStore/MODLAUNCHER]: Adding transformer net.neoforged.neoforge.coremods.MethodRedirector@73a00e09 to Target : cpw.mods.modlauncher.api.TargetType@5fe1ce85 {Lnet/minecraft/world/level/levelgen/structure/structures/SwampHutPiece;} {} {V}
[14Sept2026 22:47:38.026] [main/DEBUG] [cpw.mods.modlauncher.TransformStore/MODLAUNCHER]: Adding transformer net.neoforged.neoforge.coremods.MethodRedirector@73a00e09 to Target : cpw.mods.modlauncher.api.TargetType@5fe1ce85 {Lnet/minecraft/world/entity/ai/village/VillageSiege;} {} {V}
[14Sept2026 22:47:38.027] [main/DEBUG] [cpw.mods.modlauncher.TransformStore/MODLAUNCHER]: Adding transformer net.neoforged.neoforge.coremods.MethodRedirector@73a00e09 to Target : cpw.mods.modlauncher.api.TargetType@5fe1ce85 {Lnet/minecraft/world/entity/monster/Evoker$EvokerSummonSpellGoal;} {} {V}
[14Sept2026 22:47:38.027] [main/DEBUG] [cpw.mods.modlauncher.TransformStore/MODLAUNCHER]: Adding transformer net.neoforged.neoforge.coremods.MethodRedirector@73a00e09 to Target : cpw.mods.modlauncher.api.TargetType@5fe1ce85 {Lnet/minecraft/world/level/levelgen/structure/templatesystem/StructureTemplate;} {} {V}
[14Sept2026 22:47:38.027] [main/DEBUG] [cpw.mods.modlauncher.TransformStore/MODLAUNCHER]: Adding transformer net.neoforged.neoforge.coremods.MethodRedirector@73a00e09 to Target : cpw.mods.modlauncher.api.TargetType@5fe1ce85 {Lnet/minecraft/world/level/levelgen/structure/structures/OceanRuinPieces$OceanRuinPiece;} {} {V}
[14Sept2026 22:47:38.027] [main/DEBUG] [cpw.mods.modlauncher.TransformationServiceDecorator/MODLAUNCHER]: Initialized transformers for transformation service fml
[14Sept2026 22:47:38.204] [main/DEBUG] [mixin/]: Processing prepare() for PlatformAgent[MixinPlatformAgentDefault:ModLauncher Root Container(ModLauncher:4f56a0a2)]
[14Sept2026 22:47:38.204] [main/DEBUG] [mixin/]: Processing prepare() for PlatformAgent[MixinPlatformAgentDefault:net.neoforged.fml.loading.mixin.FMLMixinContainerHandle@982bb90]
[14Sept2026 22:47:38.204] [main/DEBUG] [mixin/]: Processing prepare() for PlatformAgent[FMLMixinPlatformAgent:null]
[14Sept2026 22:47:38.230] [main/DEBUG] [mixin/]: Compatibility level JAVA_21 specified by wartime.mixins.json is higher than the maximum level supported by this version of mixin (JAVA_13).
[14Sept2026 22:47:38.233] [main/INFO] [mixin/]: Compatibility level set to JAVA_21
[14Sept2026 22:47:38.234] [main/DEBUG] [mixin/]: Processing launch tasks for PlatformAgent[MixinPlatformAgentDefault:ModLauncher Root Container(ModLauncher:4f56a0a2)]
[14Sept2026 22:47:38.235] [main/DEBUG] [mixin/]: Adding mixin platform agents for container SecureJarResource(mixin_synthetic)
[14Sept2026 22:47:38.235] [main/DEBUG] [mixin/]: Instancing new MixinPlatformAgentMinecraftForge for SecureJarResource(mixin_synthetic)
[14Sept2026 22:47:38.235] [main/DEBUG] [mixin/]: MixinPlatformAgentMinecraftForge rejected container SecureJarResource(mixin_synthetic)
[14Sept2026 22:47:38.235] [main/DEBUG] [mixin/]: Instancing new MixinPlatformAgentDefault for SecureJarResource(mixin_synthetic)
[14Sept2026 22:47:38.235] [main/DEBUG] [mixin/]: MixinPlatformAgentDefault accepted container SecureJarResource(mixin_synthetic)
[14Sept2026 22:47:38.235] [main/DEBUG] [mixin/]: Instancing new FMLMixinPlatformAgent for SecureJarResource(mixin_synthetic)
[14Sept2026 22:47:38.235] [main/DEBUG] [mixin/]: FMLMixinPlatformAgent rejected container SecureJarResource(mixin_synthetic)
[14Sept2026 22:47:38.235] [main/DEBUG] [mixin/]: Processing prepare() for PlatformAgent[MixinPlatformAgentDefault:SecureJarResource(mixin_synthetic)]
[14Sept2026 22:47:38.235] [main/DEBUG] [mixin/]: Adding mixin platform agents for container SecureJarResource(minecraft)
[14Sept2026 22:47:38.236] [main/DEBUG] [mixin/]: Instancing new MixinPlatformAgentMinecraftForge for SecureJarResource(minecraft)
[14Sept2026 22:47:38.236] [main/DEBUG] [mixin/]: MixinPlatformAgentMinecraftForge rejected container SecureJarResource(minecraft)
[14Sept2026 22:47:38.236] [main/DEBUG] [mixin/]: Instancing new MixinPlatformAgentDefault for SecureJarResource(minecraft)
[14Sept2026 22:47:38.236] [main/DEBUG] [mixin/]: MixinPlatformAgentDefault accepted container SecureJarResource(minecraft)
[14Sept2026 22:47:38.236] [main/DEBUG] [mixin/]: Instancing new FMLMixinPlatformAgent for SecureJarResource(minecraft)
[14Sept2026 22:47:38.236] [main/DEBUG] [mixin/]: FMLMixinPlatformAgent rejected container SecureJarResource(minecraft)
[14Sept2026 22:47:38.236] [main/DEBUG] [mixin/]: Processing prepare() for PlatformAgent[MixinPlatformAgentDefault:SecureJarResource(minecraft)]
[14Sept2026 22:47:38.236] [main/DEBUG] [mixin/]: Adding mixin platform agents for container SecureJarResource(wartime)
[14Sept2026 22:47:38.236] [main/DEBUG] [mixin/]: Instancing new MixinPlatformAgentMinecraftForge for SecureJarResource(wartime)
[14Sept2026 22:47:38.236] [main/DEBUG] [mixin/]: MixinPlatformAgentMinecraftForge rejected container SecureJarResource(wartime)
[14Sept2026 22:47:38.236] [main/DEBUG] [mixin/]: Instancing new MixinPlatformAgentDefault for SecureJarResource(wartime)
[14Sept2026 22:47:38.236] [main/DEBUG] [mixin/]: MixinPlatformAgentDefault accepted container SecureJarResource(wartime)
[14Sept2026 22:47:38.237] [main/DEBUG] [mixin/]: Instancing new FMLMixinPlatformAgent for SecureJarResource(wartime)
[14Sept2026 22:47:38.237] [main/DEBUG] [mixin/]: FMLMixinPlatformAgent rejected container SecureJarResource(wartime)
[14Sept2026 22:47:38.237] [main/DEBUG] [mixin/]: Processing prepare() for PlatformAgent[MixinPlatformAgentDefault:SecureJarResource(wartime)]
[14Sept2026 22:47:38.237] [main/DEBUG] [mixin/]: Adding mixin platform agents for container SecureJarResource(mixinextras.neoforge)
[14Sept2026 22:47:38.237] [main/DEBUG] [mixin/]: Instancing new MixinPlatformAgentMinecraftForge for SecureJarResource(mixinextras.neoforge)
[14Sept2026 22:47:38.237] [main/DEBUG] [mixin/]: MixinPlatformAgentMinecraftForge rejected container SecureJarResource(mixinextras.neoforge)
[14Sept2026 22:47:38.237] [main/DEBUG] [mixin/]: Instancing new MixinPlatformAgentDefault for SecureJarResource(mixinextras.neoforge)
[14Sept2026 22:47:38.237] [main/DEBUG] [mixin/]: MixinPlatformAgentDefault accepted container SecureJarResource(mixinextras.neoforge)
[14Sept2026 22:47:38.237] [main/DEBUG] [mixin/]: Instancing new FMLMixinPlatformAgent for SecureJarResource(mixinextras.neoforge)
[14Sept2026 22:47:38.237] [main/DEBUG] [mixin/]: FMLMixinPlatformAgent rejected container SecureJarResource(mixinextras.neoforge)
[14Sept2026 22:47:38.237] [main/DEBUG] [mixin/]: Processing prepare() for PlatformAgent[MixinPlatformAgentDefault:SecureJarResource(mixinextras.neoforge)]
[14Sept2026 22:47:38.237] [main/DEBUG] [mixin/]: Registering mixin config: mixinextras.init.mixins.json source=SecureJarResource(mixinextras.neoforge)
[14Sept2026 22:47:38.239] [main/DEBUG] [mixin/]: inject() running with 6 agents
[14Sept2026 22:47:38.239] [main/DEBUG] [mixin/]: Processing inject() for PlatformAgent[MixinPlatformAgentDefault:ModLauncher Root Container(ModLauncher:4f56a0a2)]
[14Sept2026 22:47:38.239] [main/DEBUG] [mixin/]: Processing inject() for PlatformAgent[MixinPlatformAgentDefault:net.neoforged.fml.loading.mixin.FMLMixinContainerHandle@982bb90]
[14Sept2026 22:47:38.239] [main/DEBUG] [mixin/]: Processing inject() for PlatformAgent[FMLMixinPlatformAgent:null]
[14Sept2026 22:47:38.239] [main/DEBUG] [mixin/]: Processing inject() for PlatformAgent[MixinPlatformAgentDefault:SecureJarResource(mixin_synthetic)]
[14Sept2026 22:47:38.239] [main/DEBUG] [mixin/]: Processing inject() for PlatformAgent[MixinPlatformAgentDefault:SecureJarResource(minecraft)]
[14Sept2026 22:47:38.239] [main/DEBUG] [mixin/]: Processing inject() for PlatformAgent[MixinPlatformAgentDefault:SecureJarResource(wartime)]
[14Sept2026 22:47:38.239] [main/DEBUG] [mixin/]: Processing inject() for PlatformAgent[MixinPlatformAgentDefault:SecureJarResource(mixinextras.neoforge)]
[14Sept2026 22:47:38.240] [main/INFO] [cpw.mods.modlauncher.LaunchServiceHandler/MODLAUNCHER]: Launching target 'forgeserverdev' with arguments [--gameDir, ., --nogui]
[14Sept2026 22:47:38.269] [main/DEBUG] [mixin/]: Preparing mixins for MixinEnvironment[DEFAULT]
[14Sept2026 22:47:38.269] [main/DEBUG] [mixin/]: Selecting config wartime.mixins.json
[14Sept2026 22:47:38.272] [main/DEBUG] [mixin/]: Selecting config neoforge.mixins.json
[14Sept2026 22:47:38.272] [main/DEBUG] [mixin/]: Selecting config mixinextras.init.mixins.json
[14Sept2026 22:47:38.301] [main/DEBUG] [MixinExtras|Service/]: com.llamalad7.mixinextras.service.MixinExtrasServiceImpl(version=0.5.3) is taking over from null
[14Sept2026 22:47:38.319] [main/DEBUG] [mixin/]: Registering new injector for @Inject with org.spongepowered.asm.mixin.injection.struct.CallbackInjectionInfo
[14Sept2026 22:47:38.319] [main/DEBUG] [mixin/]: Registering new injector for @ModifyArg with org.spongepowered.asm.mixin.injection.struct.ModifyArgInjectionInfo
[14Sept2026 22:47:38.320] [main/DEBUG] [mixin/]: Registering new injector for @ModifyArgs with org.spongepowered.asm.mixin.injection.struct.ModifyArgsInjectionInfo
[14Sept2026 22:47:38.321] [main/DEBUG] [mixin/]: Registering new injector for @Redirect with org.spongepowered.asm.mixin.injection.struct.RedirectInjectionInfo
[14Sept2026 22:47:38.321] [main/DEBUG] [mixin/]: Registering new injector for @ModifyVariable with org.spongepowered.asm.mixin.injection.struct.ModifyVariableInjectionInfo
[14Sept2026 22:47:38.322] [main/DEBUG] [mixin/]: Registering new injector for @ModifyConstant with org.spongepowered.asm.mixin.injection.struct.ModifyConstantInjectionInfo
[14Sept2026 22:47:38.329] [main/DEBUG] [mixin/]: Preparing wartime.mixins.json (0)
[14Sept2026 22:47:38.329] [main/DEBUG] [mixin/]: Preparing neoforge.mixins.json (2)
[14Sept2026 22:47:38.358] [main/DEBUG] [mixin/]: Preparing mixinextras.init.mixins.json (0)
[14Sept2026 22:47:38.371] [main/DEBUG] [io.netty.util.internal.logging.InternalLoggerFactory/]: Using SLF4J as the default logging framework
[14Sept2026 22:47:38.372] [main/DEBUG] [io.netty.util.ResourceLeakDetector/]: -Dio.netty.leakDetection.level: simple
[14Sept2026 22:47:38.373] [main/DEBUG] [io.netty.util.ResourceLeakDetector/]: -Dio.netty.leakDetection.targetRecords: 4
[14Sept2026 22:47:38.459] [main/DEBUG] [oshi.util.FileUtil/]: No oshi.properties file found from ClassLoader cpw.mods.modlauncher.TransformingClassLoader@6f667ad1
[14Sept2026 22:47:38.488] [main/DEBUG] [oshi.util.FileUtil/]: Reading file /proc/self/auxv
[14Sept2026 22:47:38.489] [main/DEBUG] [oshi.util.FileUtil/]: Reading file /proc/self/auxv
[14Sept2026 22:47:38.491] [main/DEBUG] [oshi.util.FileUtil/]: Reading file /proc/stat
[14Sept2026 22:47:38.495] [main/DEBUG] [oshi.util.FileUtil/]: Reading file /sys/devices/system/cpu/cpu0/topology/core_id
[14Sept2026 22:47:38.495] [main/DEBUG] [oshi.util.FileUtil/]: Reading file /sys/devices/system/cpu/cpu0/topology/core_id
[14Sept2026 22:47:38.495] [main/DEBUG] [oshi.util.FileUtil/]: Reading file /sys/devices/system/cpu/cpu0/topology/physical_package_id
[14Sept2026 22:47:38.496] [main/DEBUG] [oshi.util.FileUtil/]: Reading file /sys/devices/system/cpu/cpu0/topology/physical_package_id
[14Sept2026 22:47:38.496] [main/DEBUG] [oshi.util.FileUtil/]: Reading file /sys/devices/system/cpu/cpu0/cpu_capacity
[14Sept2026 22:47:38.496] [main/DEBUG] [oshi.util.FileUtil/]: Reading file /sys/devices/system/cpu/cpu0/cpu_capacity
[14Sept2026 22:47:38.497] [main/DEBUG] [oshi.util.FileUtil/]: Reading file /sys/devices/system/cpu/cpu0/cache/index2/level
[14Sept2026 22:47:38.497] [main/DEBUG] [oshi.util.FileUtil/]: Reading file /sys/devices/system/cpu/cpu0/cache/index2/level
[14Sept2026 22:47:38.497] [main/DEBUG] [oshi.util.FileUtil/]: Reading file /sys/devices/system/cpu/cpu0/cache/index2/type
[14Sept2026 22:47:38.497] [main/DEBUG] [oshi.util.FileUtil/]: Reading file /sys/devices/system/cpu/cpu0/cache/index2/type
[14Sept2026 22:47:38.497] [main/DEBUG] [oshi.util.FileUtil/]: Reading file /sys/devices/system/cpu/cpu0/cache/index2/ways_of_associativity
[14Sept2026 22:47:38.497] [main/DEBUG] [oshi.util.FileUtil/]: Reading file /sys/devices/system/cpu/cpu0/cache/index2/ways_of_associativity
[14Sept2026 22:47:38.497] [main/DEBUG] [oshi.util.FileUtil/]: Reading file /sys/devices/system/cpu/cpu0/cache/index2/coherency_line_size
[14Sept2026 22:47:38.497] [main/DEBUG] [oshi.util.FileUtil/]: Reading file /sys/devices/system/cpu/cpu0/cache/index2/coherency_line_size
[14Sept2026 22:47:38.497] [main/DEBUG] [oshi.util.FileUtil/]: Reading file /sys/devices/system/cpu/cpu0/cache/index2/size
[14Sept2026 22:47:38.498] [main/DEBUG] [oshi.util.FileUtil/]: Reading file /sys/devices/system/cpu/cpu0/cache/index2/size
[14Sept2026 22:47:38.498] [main/DEBUG] [oshi.util.FileUtil/]: Reading file /sys/devices/system/cpu/cpu0/cache/index0/level
[14Sept2026 22:47:38.498] [main/DEBUG] [oshi.util.FileUtil/]: Reading file /sys/devices/system/cpu/cpu0/cache/index0/level
[14Sept2026 22:47:38.498] [main/DEBUG] [oshi.util.FileUtil/]: Reading file /sys/devices/system/cpu/cpu0/cache/index0/type
[14Sept2026 22:47:38.498] [main/DEBUG] [oshi.util.FileUtil/]: Reading file /sys/devices/system/cpu/cpu0/cache/index0/type
[14Sept2026 22:47:38.498] [main/DEBUG] [oshi.util.FileUtil/]: Reading file /sys/devices/system/cpu/cpu0/cache/index0/ways_of_associativity
[14Sept2026 22:47:38.498] [main/DEBUG] [oshi.util.FileUtil/]: Reading file /sys/devices/system/cpu/cpu0/cache/index0/ways_of_associativity
[14Sept2026 22:47:38.498] [main/DEBUG] [oshi.util.FileUtil/]: Reading file /sys/devices/system/cpu/cpu0/cache/index0/coherency_line_size
[14Sept2026 22:47:38.498] [main/DEBUG] [oshi.util.FileUtil/]: Reading file /sys/devices/system/cpu/cpu0/cache/index0/coherency_line_size
[14Sept2026 22:47:38.498] [main/DEBUG] [oshi.util.FileUtil/]: Reading file /sys/devices/system/cpu/cpu0/cache/index0/size
[14Sept2026 22:47:38.498] [main/DEBUG] [oshi.util.FileUtil/]: Reading file /sys/devices/system/cpu/cpu0/cache/index0/size
[14Sept2026 22:47:38.499] [main/DEBUG] [oshi.util.FileUtil/]: Reading file /sys/devices/system/cpu/cpu0/cache/index3/level
[14Sept2026 22:47:38.499] [main/DEBUG] [oshi.util.FileUtil/]: Reading file /sys/devices/system/cpu/cpu0/cache/index3/level
[14Sept2026 22:47:38.499] [main/DEBUG] [oshi.util.FileUtil/]: Reading file /sys/devices/system/cpu/cpu0/cache/index3/type
[14Sept2026 22:47:38.499] [main/DEBUG] [oshi.util.FileUtil/]: Reading file /sys/devices/system/cpu/cpu0/cache/index3/type
[14Sept2026 22:47:38.499] [main/DEBUG] [oshi.util.FileUtil/]: Reading file /sys/devices/system/cpu/cpu0/cache/index3/ways_of_associativity
[14Sept2026 22:47:38.499] [main/DEBUG] [oshi.util.FileUtil/]: Reading file /sys/devices/system/cpu/cpu0/cache/index3/ways_of_associativity
[14Sept2026 22:47:38.499] [main/DEBUG] [oshi.util.FileUtil/]: Reading file /sys/devices/system/cpu/cpu0/cache/index3/coherency_line_size
[14Sept2026 22:47:38.499] [main/DEBUG] [oshi.util.FileUtil/]: Reading file /sys/devices/system/cpu/cpu0/cache/index3/coherency_line_size
[14Sept2026 22:47:38.499] [main/DEBUG] [oshi.util.FileUtil/]: Reading file /sys/devices/system/cpu/cpu0/cache/index3/size
[14Sept2026 22:47:38.499] [main/DEBUG] [oshi.util.FileUtil/]: Reading file /sys/devices/system/cpu/cpu0/cache/index3/size
[14Sept2026 22:47:38.499] [main/DEBUG] [oshi.util.FileUtil/]: Reading file /sys/devices/system/cpu/cpu0/cache/index1/level
[14Sept2026 22:47:38.499] [main/DEBUG] [oshi.util.FileUtil/]: Reading file /sys/devices/system/cpu/cpu0/cache/index1/level
[14Sept2026 22:47:38.499] [main/DEBUG] [oshi.util.FileUtil/]: Reading file /sys/devices/system/cpu/cpu0/cache/index1/type
[14Sept2026 22:47:38.499] [main/DEBUG] [oshi.util.FileUtil/]: Reading file /sys/devices/system/cpu/cpu0/cache/index1/type
[14Sept2026 22:47:38.499] [main/DEBUG] [oshi.util.FileUtil/]: Reading file /sys/devices/system/cpu/cpu0/cache/index1/ways_of_associativity
[14Sept2026 22:47:38.499] [main/DEBUG] [oshi.util.FileUtil/]: Reading file /sys/devices/system/cpu/cpu0/cache/index1/ways_of_associativity
[14Sept2026 22:47:38.500] [main/DEBUG] [oshi.util.FileUtil/]: Reading file /sys/devices/system/cpu/cpu0/cache/index1/coherency_line_size
[14Sept2026 22:47:38.500] [main/DEBUG] [oshi.util.FileUtil/]: Reading file /sys/devices/system/cpu/cpu0/cache/index1/coherency_line_size
[14Sept2026 22:47:38.500] [main/DEBUG] [oshi.util.FileUtil/]: Reading file /sys/devices/system/cpu/cpu0/cache/index1/size
[14Sept2026 22:47:38.500] [main/DEBUG] [oshi.util.FileUtil/]: Reading file /sys/devices/system/cpu/cpu0/cache/index1/size
[14Sept2026 22:47:38.500] [main/DEBUG] [oshi.util.FileUtil/]: Reading file /sys/devices/system/cpu/cpu1/topology/core_id
[14Sept2026 22:47:38.500] [main/DEBUG] [oshi.util.FileUtil/]: Reading file /sys/devices/system/cpu/cpu1/topology/core_id
[14Sept2026 22:47:38.500] [main/DEBUG] [oshi.util.FileUtil/]: Reading file /sys/devices/system/cpu/cpu1/topology/physical_package_id
[14Sept2026 22:47:38.500] [main/DEBUG] [oshi.util.FileUtil/]: Reading file /sys/devices/system/cpu/cpu1/topology/physical_package_id
[14Sept2026 22:47:38.501] [main/DEBUG] [oshi.util.FileUtil/]: Reading file /sys/devices/system/cpu/cpu1/cpu_capacity
[14Sept2026 22:47:38.501] [main/DEBUG] [oshi.util.FileUtil/]: Reading file /sys/devices/system/cpu/cpu1/cpu_capacity
[14Sept2026 22:47:38.501] [main/DEBUG] [oshi.util.FileUtil/]: Reading file /sys/devices/system/cpu/cpu1/cache/index2/level
[14Sept2026 22:47:38.501] [main/DEBUG] [oshi.util.FileUtil/]: Reading file /sys/devices/system/cpu/cpu1/cache/index2/level
[14Sept2026 22:47:38.501] [main/DEBUG] [oshi.util.FileUtil/]: Reading file /sys/devices/system/cpu/cpu1/cache/index2/type
[14Sept2026 22:47:38.501] [main/DEBUG] [oshi.util.FileUtil/]: Reading file /sys/devices/system/cpu/cpu1/cache/index2/type
[14Sept2026 22:47:38.501] [main/DEBUG] [oshi.util.FileUtil/]: Reading file /sys/devices/system/cpu/cpu1/cache/index2/ways_of_associativity
[14Sept2026 22:47:38.501] [main/DEBUG] [oshi.util.FileUtil/]: Reading file /sys/devices/system/cpu/cpu1/cache/index2/ways_of_associativity
[14Sept2026 22:47:38.501] [main/DEBUG] [oshi.util.FileUtil/]: Reading file /sys/devices/system/cpu/cpu1/cache/index2/coherency_line_size
[14Sept2026 22:47:38.501] [main/DEBUG] [oshi.util.FileUtil/]: Reading file /sys/devices/system/cpu/cpu1/cache/index2/coherency_line_size
[14Sept2026 22:47:38.501] [main/DEBUG] [oshi.util.FileUtil/]: Reading file /sys/devices/system/cpu/cpu1/cache/index2/size
[14Sept2026 22:47:38.501] [main/DEBUG] [oshi.util.FileUtil/]: Reading file /sys/devices/system/cpu/cpu1/cache/index2/size
[14Sept2026 22:47:38.501] [main/DEBUG] [oshi.util.FileUtil/]: Reading file /sys/devices/system/cpu/cpu1/cache/index0/level
[14Sept2026 22:47:38.501] [main/DEBUG] [oshi.util.FileUtil/]: Reading file /sys/devices/system/cpu/cpu1/cache/index0/level
[14Sept2026 22:47:38.501] [main/DEBUG] [oshi.util.FileUtil/]: Reading file /sys/devices/system/cpu/cpu1/cache/index0/type
[14Sept2026 22:47:38.502] [main/DEBUG] [oshi.util.FileUtil/]: Reading file /sys/devices/system/cpu/cpu1/cache/index0/type
[14Sept2026 22:47:38.502] [main/DEBUG] [oshi.util.FileUtil/]: Reading file /sys/devices/system/cpu/cpu1/cache/index0/ways_of_associativity
[14Sept2026 22:47:38.502] [main/DEBUG] [oshi.util.FileUtil/]: Reading file /sys/devices/system/cpu/cpu1/cache/index0/ways_of_associativity
[14Sept2026 22:47:38.502] [main/DEBUG] [oshi.util.FileUtil/]: Reading file /sys/devices/system/cpu/cpu1/cache/index0/coherency_line_size
[14Sept2026 22:47:38.502] [main/DEBUG] [oshi.util.FileUtil/]: Reading file /sys/devices/system/cpu/cpu1/cache/index0/coherency_line_size
[14Sept2026 22:47:38.502] [main/DEBUG] [oshi.util.FileUtil/]: Reading file /sys/devices/system/cpu/cpu1/cache/index0/size
[14Sept2026 22:47:38.502] [main/DEBUG] [oshi.util.FileUtil/]: Reading file /sys/devices/system/cpu/cpu1/cache/index0/size
[14Sept2026 22:47:38.502] [main/DEBUG] [oshi.util.FileUtil/]: Reading file /sys/devices/system/cpu/cpu1/cache/index3/level
[14Sept2026 22:47:38.502] [main/DEBUG] [oshi.util.FileUtil/]: Reading file /sys/devices/system/cpu/cpu1/cache/index3/level
[14Sept2026 22:47:38.502] [main/DEBUG] [oshi.util.FileUtil/]: Reading file /sys/devices/system/cpu/cpu1/cache/index3/type
[14Sept2026 22:47:38.502] [main/DEBUG] [oshi.util.FileUtil/]: Reading file /sys/devices/system/cpu/cpu1/cache/index3/type
[14Sept2026 22:47:38.502] [main/DEBUG] [oshi.util.FileUtil/]: Reading file /sys/devices/system/cpu/cpu1/cache/index3/ways_of_associativity
[14Sept2026 22:47:38.502] [main/DEBUG] [oshi.util.FileUtil/]: Reading file /sys/devices/system/cpu/cpu1/cache/index3/ways_of_associativity
[14Sept2026 22:47:38.502] [main/DEBUG] [oshi.util.FileUtil/]: Reading file /sys/devices/system/cpu/cpu1/cache/index3/coherency_line_size
[14Sept2026 22:47:38.502] [main/DEBUG] [oshi.util.FileUtil/]: Reading file /sys/devices/system/cpu/cpu1/cache/index3/coherency_line_size
[14Sept2026 22:47:38.502] [main/DEBUG] [oshi.util.FileUtil/]: Reading file /sys/devices/system/cpu/cpu1/cache/index3/size
[14Sept2026 22:47:38.502] [main/DEBUG] [oshi.util.FileUtil/]: Reading file /sys/devices/system/cpu/cpu1/cache/index3/size
[14Sept2026 22:47:38.503] [main/DEBUG] [oshi.util.FileUtil/]: Reading file /sys/devices/system/cpu/cpu1/cache/index1/level
[14Sept2026 22:47:38.503] [main/DEBUG] [oshi.util.FileUtil/]: Reading file /sys/devices/system/cpu/cpu1/cache/index1/level
[14Sept2026 22:47:38.503] [main/DEBUG] [oshi.util.FileUtil/]: Reading file /sys/devices/system/cpu/cpu1/cache/index1/type
[14Sept2026 22:47:38.503] [main/DEBUG] [oshi.util.FileUtil/]: Reading file /sys/devices/system/cpu/cpu1/cache/index1/type
[14Sept2026 22:47:38.503] [main/DEBUG] [oshi.util.FileUtil/]: Reading file /sys/devices/system/cpu/cpu1/cache/index1/ways_of_associativity
[14Sept2026 22:47:38.503] [main/DEBUG] [oshi.util.FileUtil/]: Reading file /sys/devices/system/cpu/cpu1/cache/index1/ways_of_associativity
[14Sept2026 22:47:38.503] [main/DEBUG] [oshi.util.FileUtil/]: Reading file /sys/devices/system/cpu/cpu1/cache/index1/coherency_line_size
[14Sept2026 22:47:38.503] [main/DEBUG] [oshi.util.FileUtil/]: Reading file /sys/devices/system/cpu/cpu1/cache/index1/coherency_line_size
[14Sept2026 22:47:38.503] [main/DEBUG] [oshi.util.FileUtil/]: Reading file /sys/devices/system/cpu/cpu1/cache/index1/size
[14Sept2026 22:47:38.503] [main/DEBUG] [oshi.util.FileUtil/]: Reading file /sys/devices/system/cpu/cpu1/cache/index1/size
[14Sept2026 22:47:38.503] [main/DEBUG] [oshi.util.FileUtil/]: Reading file /sys/devices/system/cpu/cpu10/topology/core_id
[14Sept2026 22:47:38.503] [main/DEBUG] [oshi.util.FileUtil/]: Reading file /sys/devices/system/cpu/cpu10/topology/core_id
[14Sept2026 22:47:38.504] [main/DEBUG] [oshi.util.FileUtil/]: Reading file /sys/devices/system/cpu/cpu10/topology/physical_package_id
[14Sept2026 22:47:38.504] [main/DEBUG] [oshi.util.FileUtil/]: Reading file /sys/devices/system/cpu/cpu10/topology/physical_package_id
[14Sept2026 22:47:38.504] [main/DEBUG] [oshi.util.FileUtil/]: Reading file /sys/devices/system/cpu/cpu10/cpu_capacity
[14Sept2026 22:47:38.504] [main/DEBUG] [oshi.util.FileUtil/]: Reading file /sys/devices/system/cpu/cpu10/cpu_capacity
[14Sept2026 22:47:38.504] [main/DEBUG] [oshi.util.FileUtil/]: Reading file /sys/devices/system/cpu/cpu10/cache/index2/level
[14Sept2026 22:47:38.504] [main/DEBUG] [oshi.util.FileUtil/]: Reading file /sys/devices/system/cpu/cpu10/cache/index2/level
[14Sept2026 22:47:38.504] [main/DEBUG] [oshi.util.FileUtil/]: Reading file /sys/devices/system/cpu/cpu10/cache/index2/type
[14Sept2026 22:47:38.504] [main/DEBUG] [oshi.util.FileUtil/]: Reading file /sys/devices/system/cpu/cpu10/cache/index2/type
[14Sept2026 22:47:38.504] [main/DEBUG] [oshi.util.FileUtil/]: Reading file /sys/devices/system/cpu/cpu10/cache/index2/ways_of_associativity
[14Sept2026 22:47:38.504] [main/DEBUG] [oshi.util.FileUtil/]: Reading file /sys/devices/system/cpu/cpu10/cache/index2/ways_of_associativity
[14Sept2026 22:47:38.504] [main/DEBUG] [oshi.util.FileUtil/]: Reading file /sys/devices/system/cpu/cpu10/cache/index2/coherency_line_size
[14Sept2026 22:47:38.504] [main/DEBUG] [oshi.util.FileUtil/]: Reading file /sys/devices/system/cpu/cpu10/cache/index2/coherency_line_size
[14Sept2026 22:47:38.504] [main/DEBUG] [oshi.util.FileUtil/]: Reading file /sys/devices/system/cpu/cpu10/cache/index2/size
[14Sept2026 22:47:38.504] [main/DEBUG] [oshi.util.FileUtil/]: Reading file /sys/devices/system/cpu/cpu10/cache/index2/size
[14Sept2026 22:47:38.504] [main/DEBUG] [oshi.util.FileUtil/]: Reading file /sys/devices/system/cpu/cpu10/cache/index0/level
[14Sept2026 22:47:38.505] [main/DEBUG] [oshi.util.FileUtil/]: Reading file /sys/devices/system/cpu/cpu10/cache/index0/level
[14Sept2026 22:47:38.505] [main/DEBUG] [oshi.util.FileUtil/]: Reading file /sys/devices/system/cpu/cpu10/cache/index0/type
[14Sept2026 22:47:38.505] [main/DEBUG] [oshi.util.FileUtil/]: Reading file /sys/devices/system/cpu/cpu10/cache/index0/type
[14Sept2026 22:47:38.505] [main/DEBUG] [oshi.util.FileUtil/]: Reading file /sys/devices/system/cpu/cpu10/cache/index0/ways_of_associativity
[14Sept2026 22:47:38.505] [main/DEBUG] [oshi.util.FileUtil/]: Reading file /sys/devices/system/cpu/cpu10/cache/index0/ways_of_associativity
[14Sept2026 22:47:38.505] [main/DEBUG] [oshi.util.FileUtil/]: Reading file /sys/devices/system/cpu/cpu10/cache/index0/coherency_line_size
[14Sept2026 22:47:38.505] [main/DEBUG] [oshi.util.FileUtil/]: Reading file /sys/devices/system/cpu/cpu10/cache/index0/coherency_line_size
[14Sept2026 22:47:38.505] [main/DEBUG] [oshi.util.FileUtil/]: Reading file /sys/devices/system/cpu/cpu10/cache/index0/size
[14Sept2026 22:47:38.505] [main/DEBUG] [oshi.util.FileUtil/]: Reading file /sys/devices/system/cpu/cpu10/cache/index0/size
[14Sept2026 22:47:38.505] [main/DEBUG] [oshi.util.FileUtil/]: Reading file /sys/devices/system/cpu/cpu10/cache/index3/level
[14Sept2026 22:47:38.505] [main/DEBUG] [oshi.util.FileUtil/]: Reading file /sys/devices/system/cpu/cpu10/cache/index3/level
[14Sept2026 22:47:38.505] [main/DEBUG] [oshi.util.FileUtil/]: Reading file /sys/devices/system/cpu/cpu10/cache/index3/type
[14Sept2026 22:47:38.505] [main/DEBUG] [oshi.util.FileUtil/]: Reading file /sys/devices/system/cpu/cpu10/cache/index3/type
[14Sept2026 22:47:38.506] [main/DEBUG] [oshi.util.FileUtil/]: Reading file /sys/devices/system/cpu/cpu10/cache/index3/ways_of_associativity
[14Sept2026 22:47:38.506] [main/DEBUG] [oshi.util.FileUtil/]: Reading file /sys/devices/system/cpu/cpu10/cache/index3/ways_of_associativity
[14Sept2026 22:47:38.506] [main/DEBUG] [oshi.util.FileUtil/]: Reading file /sys/devices/system/cpu/cpu10/cache/index3/coherency_line_size
[14Sept2026 22:47:38.506] [main/DEBUG] [oshi.util.FileUtil/]: Reading file /sys/devices/system/cpu/cpu10/cache/index3/coherency_line_size
[14Sept2026 22:47:38.506] [main/DEBUG] [oshi.util.FileUtil/]: Reading file /sys/devices/system/cpu/cpu10/cache/index3/size
[14Sept2026 22:47:38.506] [main/DEBUG] [oshi.util.FileUtil/]: Reading file /sys/devices/system/cpu/cpu10/cache/index3/size
[14Sept2026 22:47:38.506] [main/DEBUG] [oshi.util.FileUtil/]: Reading file /sys/devices/system/cpu/cpu10/cache/index1/level
[14Sept2026 22:47:38.506] [main/DEBUG] [oshi.util.FileUtil/]: Reading file /sys/devices/system/cpu/cpu10/cache/index1/level
[14Sept2026 22:47:38.506] [main/DEBUG] [oshi.util.FileUtil/]: Reading file /sys/devices/system/cpu/cpu10/cache/index1/type
[14Sept2026 22:47:38.506] [main/DEBUG] [oshi.util.FileUtil/]: Reading file /sys/devices/system/cpu/cpu10/cache/index1/type
[14Sept2026 22:47:38.506] [main/DEBUG] [oshi.util.FileUtil/]: Reading file /sys/devices/system/cpu/cpu10/cache/index1/ways_of_associativity
[14Sept2026 22:47:38.506] [main/DEBUG] [oshi.util.FileUtil/]: Reading file /sys/devices/system/cpu/cpu10/cache/index1/ways_of_associativity
[14Sept2026 22:47:38.506] [main/DEBUG] [oshi.util.FileUtil/]: Reading file /sys/devices/system/cpu/cpu10/cache/index1/coherency_line_size
[14Sept2026 22:47:38.506] [main/DEBUG] [oshi.util.FileUtil/]: Reading file /sys/devices/system/cpu/cpu10/cache/index1/coherency_line_size
[14Sept2026 22:47:38.506] [main/DEBUG] [oshi.util.FileUtil/]: Reading file /sys/devices/system/cpu/cpu10/cache/index1/size
[14Sept2026 22:47:38.507] [main/DEBUG] [oshi.util.FileUtil/]: Reading file /sys/devices/system/cpu/cpu10/cache/index1/size
[14Sept2026 22:47:38.507] [main/DEBUG] [oshi.util.FileUtil/]: Reading file /sys/devices/system/cpu/cpu11/topology/core_id
[14Sept2026 22:47:38.507] [main/DEBUG] [oshi.util.FileUtil/]: Reading file /sys/devices/system/cpu/cpu11/topology/core_id
[14Sept2026 22:47:38.507] [main/DEBUG] [oshi.util.FileUtil/]: Reading file /sys/devices/system/cpu/cpu11/topology/physical_package_id
[14Sept2026 22:47:38.507] [main/DEBUG] [oshi.util.FileUtil/]: Reading file /sys/devices/system/cpu/cpu11/topology/physical_package_id
[14Sept2026 22:47:38.507] [main/DEBUG] [oshi.util.FileUtil/]: Reading file /sys/devices/system/cpu/cpu11/cpu_capacity
[14Sept2026 22:47:38.507] [main/DEBUG] [oshi.util.FileUtil/]: Reading file /sys/devices/system/cpu/cpu11/cpu_capacity
[14Sept2026 22:47:38.507] [main/DEBUG] [oshi.util.FileUtil/]: Reading file /sys/devices/system/cpu/cpu11/cache/index2/level
[14Sept2026 22:47:38.507] [main/DEBUG] [oshi.util.FileUtil/]: Reading file /sys/devices/system/cpu/cpu11/cache/index2/level
[14Sept2026 22:47:38.508] [main/DEBUG] [oshi.util.FileUtil/]: Reading file /sys/devices/system/cpu/cpu11/cache/index2/type
[14Sept2026 22:47:38.508] [main/DEBUG] [oshi.util.FileUtil/]: Reading file /sys/devices/system/cpu/cpu11/cache/index2/type
[14Sept2026 22:47:38.508] [main/DEBUG] [oshi.util.FileUtil/]: Reading file /sys/devices/system/cpu/cpu11/cache/index2/ways_of_associativity
[14Sept2026 22:47:38.508] [main/DEBUG] [oshi.util.FileUtil/]: Reading file /sys/devices/system/cpu/cpu11/cache/index2/ways_of_associativity
[14Sept2026 22:47:38.508] [main/DEBUG] [oshi.util.FileUtil/]: Reading file /sys/devices/system/cpu/cpu11/cache/index2/coherency_line_size
[14Sept2026 22:47:38.508] [main/DEBUG] [oshi.util.FileUtil/]: Reading file /sys/devices/system/cpu/cpu11/cache/index2/coherency_line_size
[14Sept2026 22:47:38.508] [main/DEBUG] [oshi.util.FileUtil/]: Reading file /sys/devices/system/cpu/cpu11/cache/index2/size
[14Sept2026 22:47:38.508] [main/DEBUG] [oshi.util.FileUtil/]: Reading file /sys/devices/system/cpu/cpu11/cache/index2/size
[14Sept2026 22:47:38.508] [main/DEBUG] [oshi.util.FileUtil/]: Reading file /sys/devices/system/cpu/cpu11/cache/index0/level
[14Sept2026 22:47:38.508] [main/DEBUG] [oshi.util.FileUtil/]: Reading file /sys/devices/system/cpu/cpu11/cache/index0/level
[14Sept2026 22:47:38.508] [main/DEBUG] [oshi.util.FileUtil/]: Reading file /sys/devices/system/cpu/cpu11/cache/index0/type
[14Sept2026 22:47:38.508] [main/DEBUG] [oshi.util.FileUtil/]: Reading file /sys/devices/system/cpu/cpu11/cache/index0/type
[14Sept2026 22:47:38.508] [main/DEBUG] [oshi.util.FileUtil/]: Reading file /sys/devices/system/cpu/cpu11/cache/index0/ways_of_associativity
[14Sept2026 22:47:38.508] [main/DEBUG] [oshi.util.FileUtil/]: Reading file /sys/devices/system/cpu/cpu11/cache/index0/ways_of_associativity
[14Sept2026 22:47:38.508] [main/DEBUG] [oshi.util.FileUtil/]: Reading file /sys/devices/system/cpu/cpu11/cache/index0/coherency_line_size
[14Sept2026 22:47:38.508] [main/DEBUG] [oshi.util.FileUtil/]: Reading file /sys/devices/system/cpu/cpu11/cache/index0/coherency_line_size
[14Sept2026 22:47:38.508] [main/DEBUG] [oshi.util.FileUtil/]: Reading file /sys/devices/system/cpu/cpu11/cache/index0/size
[14Sept2026 22:47:38.508] [main/DEBUG] [oshi.util.FileUtil/]: Reading file /sys/devices/system/cpu/cpu11/cache/index0/size
[14Sept2026 22:47:38.509] [main/DEBUG] [oshi.util.FileUtil/]: Reading file /sys/devices/system/cpu/cpu11/cache/index3/level
[14Sept2026 22:47:38.509] [main/DEBUG] [oshi.util.FileUtil/]: Reading file /sys/devices/system/cpu/cpu11/cache/index3/level
[14Sept2026 22:47:38.509] [main/DEBUG] [oshi.util.FileUtil/]: Reading file /sys/devices/system/cpu/cpu11/cache/index3/type
[14Sept2026 22:47:38.509] [main/DEBUG] [oshi.util.FileUtil/]: Reading file /sys/devices/system/cpu/cpu11/cache/index3/type
[14Sept2026 22:47:38.509] [main/DEBUG] [oshi.util.FileUtil/]: Reading file /sys/devices/system/cpu/cpu11/cache/index3/ways_of_associativity
[14Sept2026 22:47:38.509] [main/DEBUG] [oshi.util.FileUtil/]: Reading file /sys/devices/system/cpu/cpu11/cache/index3/ways_of_associativity
[14Sept2026 22:47:38.509] [main/DEBUG] [oshi.util.FileUtil/]: Reading file /sys/devices/system/cpu/cpu11/cache/index3/coherency_line_size
[14Sept2026 22:47:38.509] [main/DEBUG] [oshi.util.FileUtil/]: Reading file /sys/devices/system/cpu/cpu11/cache/index3/coherency_line_size
[14Sept2026 22:47:38.509] [main/DEBUG] [oshi.util.FileUtil/]: Reading file /sys/devices/system/cpu/cpu11/cache/index3/size
[14Sept2026 22:47:38.509] [main/DEBUG] [oshi.util.FileUtil/]: Reading file /sys/devices/system/cpu/cpu11/cache/index3/size
[14Sept2026 22:47:38.509] [main/DEBUG] [oshi.util.FileUtil/]: Reading file /sys/devices/system/cpu/cpu11/cache/index1/level
[14Sept2026 22:47:38.509] [main/DEBUG] [oshi.util.FileUtil/]: Reading file /sys/devices/system/cpu/cpu11/cache/index1/level
[14Sept2026 22:47:38.509] [main/DEBUG] [oshi.util.FileUtil/]: Reading file /sys/devices/system/cpu/cpu11/cache/index1/type
[14Sept2026 22:47:38.509] [main/DEBUG] [oshi.util.FileUtil/]: Reading file /sys/devices/system/cpu/cpu11/cache/index1/type
[14Sept2026 22:47:38.509] [main/DEBUG] [oshi.util.FileUtil/]: Reading file /sys/devices/system/cpu/cpu11/cache/index1/ways_of_associativity
[14Sept2026 22:47:38.509] [main/DEBUG] [oshi.util.FileUtil/]: Reading file /sys/devices/system/cpu/cpu11/cache/index1/ways_of_associativity
[14Sept2026 22:47:38.510] [main/DEBUG] [oshi.util.FileUtil/]: Reading file /sys/devices/system/cpu/cpu11/cache/index1/coherency_line_size
[14Sept2026 22:47:38.510] [main/DEBUG] [oshi.util.FileUtil/]: Reading file /sys/devices/system/cpu/cpu11/cache/index1/coherency_line_size
[14Sept2026 22:47:38.510] [main/DEBUG] [oshi.util.FileUtil/]: Reading file /sys/devices/system/cpu/cpu11/cache/index1/size
[14Sept2026 22:47:38.510] [main/DEBUG] [oshi.util.FileUtil/]: Reading file /sys/devices/system/cpu/cpu11/cache/index1/size
[14Sept2026 22:47:38.510] [main/DEBUG] [oshi.util.FileUtil/]: Reading file /sys/devices/system/cpu/cpu2/topology/core_id
[14Sept2026 22:47:38.510] [main/DEBUG] [oshi.util.FileUtil/]: Reading file /sys/devices/system/cpu/cpu2/topology/core_id
[14Sept2026 22:47:38.510] [main/DEBUG] [oshi.util.FileUtil/]: Reading file /sys/devices/system/cpu/cpu2/topology/physical_package_id
[14Sept2026 22:47:38.510] [main/DEBUG] [oshi.util.FileUtil/]: Reading file /sys/devices/system/cpu/cpu2/topology/physical_package_id
[14Sept2026 22:47:38.510] [main/DEBUG] [oshi.util.FileUtil/]: Reading file /sys/devices/system/cpu/cpu2/cpu_capacity
[14Sept2026 22:47:38.510] [main/DEBUG] [oshi.util.FileUtil/]: Reading file /sys/devices/system/cpu/cpu2/cpu_capacity
[14Sept2026 22:47:38.510] [main/DEBUG] [oshi.util.FileUtil/]: Reading file /sys/devices/system/cpu/cpu2/cache/index2/level
[14Sept2026 22:47:38.510] [main/DEBUG] [oshi.util.FileUtil/]: Reading file /sys/devices/system/cpu/cpu2/cache/index2/level
[14Sept2026 22:47:38.511] [main/DEBUG] [oshi.util.FileUtil/]: Reading file /sys/devices/system/cpu/cpu2/cache/index2/type
[14Sept2026 22:47:38.511] [main/DEBUG] [oshi.util.FileUtil/]: Reading file /sys/devices/system/cpu/cpu2/cache/index2/type
[14Sept2026 22:47:38.511] [main/DEBUG] [oshi.util.FileUtil/]: Reading file /sys/devices/system/cpu/cpu2/cache/index2/ways_of_associativity
[14Sept2026 22:47:38.511] [main/DEBUG] [oshi.util.FileUtil/]: Reading file /sys/devices/system/cpu/cpu2/cache/index2/ways_of_associativity
[14Sept2026 22:47:38.511] [main/DEBUG] [oshi.util.FileUtil/]: Reading file /sys/devices/system/cpu/cpu2/cache/index2/coherency_line_size
[14Sept2026 22:47:38.511] [main/DEBUG] [oshi.util.FileUtil/]: Reading file /sys/devices/system/cpu/cpu2/cache/index2/coherency_line_size
[14Sept2026 22:47:38.511] [main/DEBUG] [oshi.util.FileUtil/]: Reading file /sys/devices/system/cpu/cpu2/cache/index2/size
[14Sept2026 22:47:38.511] [main/DEBUG] [oshi.util.FileUtil/]: Reading file /sys/devices/system/cpu/cpu2/cache/index2/size
[14Sept2026 22:47:38.511] [main/DEBUG] [oshi.util.FileUtil/]: Reading file /sys/devices/system/cpu/cpu2/cache/index0/level
[14Sept2026 22:47:38.511] [main/DEBUG] [oshi.util.FileUtil/]: Reading file /sys/devices/system/cpu/cpu2/cache/index0/level
[14Sept2026 22:47:38.511] [main/DEBUG] [oshi.util.FileUtil/]: Reading file /sys/devices/system/cpu/cpu2/cache/index0/type
[14Sept2026 22:47:38.511] [main/DEBUG] [oshi.util.FileUtil/]: Reading file /sys/devices/system/cpu/cpu2/cache/index0/type
[14Sept2026 22:47:38.511] [main/DEBUG] [oshi.util.FileUtil/]: Reading file /sys/devices/system/cpu/cpu2/cache/index0/ways_of_associativity
[14Sept2026 22:47:38.511] [main/DEBUG] [oshi.util.FileUtil/]: Reading file /sys/devices/system/cpu/cpu2/cache/index0/ways_of_associativity
[14Sept2026 22:47:38.511] [main/DEBUG] [oshi.util.FileUtil/]: Reading file /sys/devices/system/cpu/cpu2/cache/index0/coherency_line_size
[14Sept2026 22:47:38.511] [main/DEBUG] [oshi.util.FileUtil/]: Reading file /sys/devices/system/cpu/cpu2/cache/index0/coherency_line_size
[14Sept2026 22:47:38.511] [main/DEBUG] [oshi.util.FileUtil/]: Reading file /sys/devices/system/cpu/cpu2/cache/index0/size
[14Sept2026 22:47:38.511] [main/DEBUG] [oshi.util.FileUtil/]: Reading file /sys/devices/system/cpu/cpu2/cache/index0/size
[14Sept2026 22:47:38.511] [main/DEBUG] [oshi.util.FileUtil/]: Reading file /sys/devices/system/cpu/cpu2/cache/index3/level
[14Sept2026 22:47:38.511] [main/DEBUG] [oshi.util.FileUtil/]: Reading file /sys/devices/system/cpu/cpu2/cache/index3/level
[14Sept2026 22:47:38.512] [main/DEBUG] [oshi.util.FileUtil/]: Reading file /sys/devices/system/cpu/cpu2/cache/index3/type
[14Sept2026 22:47:38.512] [main/DEBUG] [oshi.util.FileUtil/]: Reading file /sys/devices/system/cpu/cpu2/cache/index3/type
[14Sept2026 22:47:38.512] [main/DEBUG] [oshi.util.FileUtil/]: Reading file /sys/devices/system/cpu/cpu2/cache/index3/ways_of_associativity
[14Sept2026 22:47:38.512] [main/DEBUG] [oshi.util.FileUtil/]: Reading file /sys/devices/system/cpu/cpu2/cache/index3/ways_of_associativity
[14Sept2026 22:47:38.512] [main/DEBUG] [oshi.util.FileUtil/]: Reading file /sys/devices/system/cpu/cpu2/cache/index3/coherency_line_size
[14Sept2026 22:47:38.512] [main/DEBUG] [oshi.util.FileUtil/]: Reading file /sys/devices/system/cpu/cpu2/cache/index3/coherency_line_size
[14Sept2026 22:47:38.512] [main/DEBUG] [oshi.util.FileUtil/]: Reading file /sys/devices/system/cpu/cpu2/cache/index3/size
[14Sept2026 22:47:38.512] [main/DEBUG] [oshi.util.FileUtil/]: Reading file /sys/devices/system/cpu/cpu2/cache/index3/size
[14Sept2026 22:47:38.512] [main/DEBUG] [oshi.util.FileUtil/]: Reading file /sys/devices/system/cpu/cpu2/cache/index1/level
[14Sept2026 22:47:38.512] [main/DEBUG] [oshi.util.FileUtil/]: Reading file /sys/devices/system/cpu/cpu2/cache/index1/level
[14Sept2026 22:47:38.512] [main/DEBUG] [oshi.util.FileUtil/]: Reading file /sys/devices/system/cpu/cpu2/cache/index1/type
[14Sept2026 22:47:38.512] [main/DEBUG] [oshi.util.FileUtil/]: Reading file /sys/devices/system/cpu/cpu2/cache/index1/type
[14Sept2026 22:47:38.512] [main/DEBUG] [oshi.util.FileUtil/]: Reading file /sys/devices/system/cpu/cpu2/cache/index1/ways_of_associativity
[14Sept2026 22:47:38.512] [main/DEBUG] [oshi.util.FileUtil/]: Reading file /sys/devices/system/cpu/cpu2/cache/index1/ways_of_associativity
[14Sept2026 22:47:38.512] [main/DEBUG] [oshi.util.FileUtil/]: Reading file /sys/devices/system/cpu/cpu2/cache/index1/coherency_line_size
[14Sept2026 22:47:38.512] [main/DEBUG] [oshi.util.FileUtil/]: Reading file /sys/devices/system/cpu/cpu2/cache/index1/coherency_line_size
[14Sept2026 22:47:38.512] [main/DEBUG] [oshi.util.FileUtil/]: Reading file /sys/devices/system/cpu/cpu2/cache/index1/size
[14Sept2026 22:47:38.512] [main/DEBUG] [oshi.util.FileUtil/]: Reading file /sys/devices/system/cpu/cpu2/cache/index1/size
[14Sept2026 22:47:38.513] [main/DEBUG] [oshi.util.FileUtil/]: Reading file /sys/devices/system/cpu/cpu3/topology/core_id
[14Sept2026 22:47:38.513] [main/DEBUG] [oshi.util.FileUtil/]: Reading file /sys/devices/system/cpu/cpu3/topology/core_id
[14Sept2026 22:47:38.513] [main/DEBUG] [oshi.util.FileUtil/]: Reading file /sys/devices/system/cpu/cpu3/topology/physical_package_id
[14Sept2026 22:47:38.513] [main/DEBUG] [oshi.util.FileUtil/]: Reading file /sys/devices/system/cpu/cpu3/topology/physical_package_id
[14Sept2026 22:47:38.513] [main/DEBUG] [oshi.util.FileUtil/]: Reading file /sys/devices/system/cpu/cpu3/cpu_capacity
[14Sept2026 22:47:38.513] [main/DEBUG] [oshi.util.FileUtil/]: Reading file /sys/devices/system/cpu/cpu3/cpu_capacity
[14Sept2026 22:47:38.513] [main/DEBUG] [oshi.util.FileUtil/]: Reading file /sys/devices/system/cpu/cpu3/cache/index2/level
[14Sept2026 22:47:38.513] [main/DEBUG] [oshi.util.FileUtil/]: Reading file /sys/devices/system/cpu/cpu3/cache/index2/level
[14Sept2026 22:47:38.513] [main/DEBUG] [oshi.util.FileUtil/]: Reading file /sys/devices/system/cpu/cpu3/cache/index2/type
[14Sept2026 22:47:38.513] [main/DEBUG] [oshi.util.FileUtil/]: Reading file /sys/devices/system/cpu/cpu3/cache/index2/type
[14Sept2026 22:47:38.513] [main/DEBUG] [oshi.util.FileUtil/]: Reading file /sys/devices/system/cpu/cpu3/cache/index2/ways_of_associativity
[14Sept2026 22:47:38.513] [main/DEBUG] [oshi.util.FileUtil/]: Reading file /sys/devices/system/cpu/cpu3/cache/index2/ways_of_associativity
[14Sept2026 22:47:38.513] [main/DEBUG] [oshi.util.FileUtil/]: Reading file /sys/devices/system/cpu/cpu3/cache/index2/coherency_line_size
[14Sept2026 22:47:38.513] [main/DEBUG] [oshi.util.FileUtil/]: Reading file /sys/devices/system/cpu/cpu3/cache/index2/coherency_line_size
[14Sept2026 22:47:38.513] [main/DEBUG] [oshi.util.FileUtil/]: Reading file /sys/devices/system/cpu/cpu3/cache/index2/size
[14Sept2026 22:47:38.513] [main/DEBUG] [oshi.util.FileUtil/]: Reading file /sys/devices/system/cpu/cpu3/cache/index2/size
[14Sept2026 22:47:38.514] [main/DEBUG] [oshi.util.FileUtil/]: Reading file /sys/devices/system/cpu/cpu3/cache/index0/level
[14Sept2026 22:47:38.514] [main/DEBUG] [oshi.util.FileUtil/]: Reading file /sys/devices/system/cpu/cpu3/cache/index0/level
[14Sept2026 22:47:38.514] [main/DEBUG] [oshi.util.FileUtil/]: Reading file /sys/devices/system/cpu/cpu3/cache/index0/type
[14Sept2026 22:47:38.514] [main/DEBUG] [oshi.util.FileUtil/]: Reading file /sys/devices/system/cpu/cpu3/cache/index0/type
[14Sept2026 22:47:38.514] [main/DEBUG] [oshi.util.FileUtil/]: Reading file /sys/devices/system/cpu/cpu3/cache/index0/ways_of_associativity
[14Sept2026 22:47:38.514] [main/DEBUG] [oshi.util.FileUtil/]: Reading file /sys/devices/system/cpu/cpu3/cache/index0/ways_of_associativity
[14Sept2026 22:47:38.514] [main/DEBUG] [oshi.util.FileUtil/]: Reading file /sys/devices/system/cpu/cpu3/cache/index0/coherency_line_size
[14Sept2026 22:47:38.514] [main/DEBUG] [oshi.util.FileUtil/]: Reading file /sys/devices/system/cpu/cpu3/cache/index0/coherency_line_size
[14Sept2026 22:47:38.514] [main/DEBUG] [oshi.util.FileUtil/]: Reading file /sys/devices/system/cpu/cpu3/cache/index0/size
[14Sept2026 22:47:38.514] [main/DEBUG] [oshi.util.FileUtil/]: Reading file /sys/devices/system/cpu/cpu3/cache/index0/size
[14Sept2026 22:47:38.514] [main/DEBUG] [oshi.util.FileUtil/]: Reading file /sys/devices/system/cpu/cpu3/cache/index3/level
[14Sept2026 22:47:38.514] [main/DEBUG] [oshi.util.FileUtil/]: Reading file /sys/devices/system/cpu/cpu3/cache/index3/level
[14Sept2026 22:47:38.514] [main/DEBUG] [oshi.util.FileUtil/]: Reading file /sys/devices/system/cpu/cpu3/cache/index3/type
[14Sept2026 22:47:38.514] [main/DEBUG] [oshi.util.FileUtil/]: Reading file /sys/devices/system/cpu/cpu3/cache/index3/type
[14Sept2026 22:47:38.514] [main/DEBUG] [oshi.util.FileUtil/]: Reading file /sys/devices/system/cpu/cpu3/cache/index3/ways_of_associativity
[14Sept2026 22:47:38.514] [main/DEBUG] [oshi.util.FileUtil/]: Reading file /sys/devices/system/cpu/cpu3/cache/index3/ways_of_associativity
[14Sept2026 22:47:38.514] [main/DEBUG] [oshi.util.FileUtil/]: Reading file /sys/devices/system/cpu/cpu3/cache/index3/coherency_line_size
[14Sept2026 22:47:38.514] [main/DEBUG] [oshi.util.FileUtil/]: Reading file /sys/devices/system/cpu/cpu3/cache/index3/coherency_line_size
[14Sept2026 22:47:38.514] [main/DEBUG] [oshi.util.FileUtil/]: Reading file /sys/devices/system/cpu/cpu3/cache/index3/size
[14Sept2026 22:47:38.514] [main/DEBUG] [oshi.util.FileUtil/]: Reading file /sys/devices/system/cpu/cpu3/cache/index3/size
[14Sept2026 22:47:38.514] [main/DEBUG] [oshi.util.FileUtil/]: Reading file /sys/devices/system/cpu/cpu3/cache/index1/level
[14Sept2026 22:47:38.515] [main/DEBUG] [oshi.util.FileUtil/]: Reading file /sys/devices/system/cpu/cpu3/cache/index1/level
[14Sept2026 22:47:38.515] [main/DEBUG] [oshi.util.FileUtil/]: Reading file /sys/devices/system/cpu/cpu3/cache/index1/type
[14Sept2026 22:47:38.515] [main/DEBUG] [oshi.util.FileUtil/]: Reading file /sys/devices/system/cpu/cpu3/cache/index1/type
[14Sept2026 22:47:38.515] [main/DEBUG] [oshi.util.FileUtil/]: Reading file /sys/devices/system/cpu/cpu3/cache/index1/ways_of_associativity
[14Sept2026 22:47:38.515] [main/DEBUG] [oshi.util.FileUtil/]: Reading file /sys/devices/system/cpu/cpu3/cache/index1/ways_of_associativity
[14Sept2026 22:47:38.515] [main/DEBUG] [oshi.util.FileUtil/]: Reading file /sys/devices/system/cpu/cpu3/cache/index1/coherency_line_size
[14Sept2026 22:47:38.515] [main/DEBUG] [oshi.util.FileUtil/]: Reading file /sys/devices/system/cpu/cpu3/cache/index1/coherency_line_size
[14Sept2026 22:47:38.515] [main/DEBUG] [oshi.util.FileUtil/]: Reading file /sys/devices/system/cpu/cpu3/cache/index1/size
[14Sept2026 22:47:38.515] [main/DEBUG] [oshi.util.FileUtil/]: Reading file /sys/devices/system/cpu/cpu3/cache/index1/size
[14Sept2026 22:47:38.515] [main/DEBUG] [oshi.util.FileUtil/]: Reading file /sys/devices/system/cpu/cpu4/topology/core_id
[14Sept2026 22:47:38.515] [main/DEBUG] [oshi.util.FileUtil/]: Reading file /sys/devices/system/cpu/cpu4/topology/core_id
[14Sept2026 22:47:38.515] [main/DEBUG] [oshi.util.FileUtil/]: Reading file /sys/devices/system/cpu/cpu4/topology/physical_package_id
[14Sept2026 22:47:38.515] [main/DEBUG] [oshi.util.FileUtil/]: Reading file /sys/devices/system/cpu/cpu4/topology/physical_package_id
[14Sept2026 22:47:38.515] [main/DEBUG] [oshi.util.FileUtil/]: Reading file /sys/devices/system/cpu/cpu4/cpu_capacity
[14Sept2026 22:47:38.515] [main/DEBUG] [oshi.util.FileUtil/]: Reading file /sys/devices/system/cpu/cpu4/cpu_capacity
[14Sept2026 22:47:38.516] [main/DEBUG] [oshi.util.FileUtil/]: Reading file /sys/devices/system/cpu/cpu4/cache/index2/level
[14Sept2026 22:47:38.516] [main/DEBUG] [oshi.util.FileUtil/]: Reading file /sys/devices/system/cpu/cpu4/cache/index2/level
[14Sept2026 22:47:38.516] [main/DEBUG] [oshi.util.FileUtil/]: Reading file /sys/devices/system/cpu/cpu4/cache/index2/type
[14Sept2026 22:47:38.516] [main/DEBUG] [oshi.util.FileUtil/]: Reading file /sys/devices/system/cpu/cpu4/cache/index2/type
[14Sept2026 22:47:38.516] [main/DEBUG] [oshi.util.FileUtil/]: Reading file /sys/devices/system/cpu/cpu4/cache/index2/ways_of_associativity
[14Sept2026 22:47:38.516] [main/DEBUG] [oshi.util.FileUtil/]: Reading file /sys/devices/system/cpu/cpu4/cache/index2/ways_of_associativity
[14Sept2026 22:47:38.516] [main/DEBUG] [oshi.util.FileUtil/]: Reading file /sys/devices/system/cpu/cpu4/cache/index2/coherency_line_size
[14Sept2026 22:47:38.516] [main/DEBUG] [oshi.util.FileUtil/]: Reading file /sys/devices/system/cpu/cpu4/cache/index2/coherency_line_size
[14Sept2026 22:47:38.516] [main/DEBUG] [oshi.util.FileUtil/]: Reading file /sys/devices/system/cpu/cpu4/cache/index2/size
[14Sept2026 22:47:38.516] [main/DEBUG] [oshi.util.FileUtil/]: Reading file /sys/devices/system/cpu/cpu4/cache/index2/size
[14Sept2026 22:47:38.516] [main/DEBUG] [oshi.util.FileUtil/]: Reading file /sys/devices/system/cpu/cpu4/cache/index0/level
[14Sept2026 22:47:38.516] [main/DEBUG] [oshi.util.FileUtil/]: Reading file /sys/devices/system/cpu/cpu4/cache/index0/level
[14Sept2026 22:47:38.516] [main/DEBUG] [oshi.util.FileUtil/]: Reading file /sys/devices/system/cpu/cpu4/cache/index0/type
[14Sept2026 22:47:38.516] [main/DEBUG] [oshi.util.FileUtil/]: Reading file /sys/devices/system/cpu/cpu4/cache/index0/type
[14Sept2026 22:47:38.516] [main/DEBUG] [oshi.util.FileUtil/]: Reading file /sys/devices/system/cpu/cpu4/cache/index0/ways_of_associativity
[14Sept2026 22:47:38.516] [main/DEBUG] [oshi.util.FileUtil/]: Reading file /sys/devices/system/cpu/cpu4/cache/index0/ways_of_associativity
[14Sept2026 22:47:38.516] [main/DEBUG] [oshi.util.FileUtil/]: Reading file /sys/devices/system/cpu/cpu4/cache/index0/coherency_line_size
[14Sept2026 22:47:38.516] [main/DEBUG] [oshi.util.FileUtil/]: Reading file /sys/devices/system/cpu/cpu4/cache/index0/coherency_line_size
[14Sept2026 22:47:38.516] [main/DEBUG] [oshi.util.FileUtil/]: Reading file /sys/devices/system/cpu/cpu4/cache/index0/size
[14Sept2026 22:47:38.516] [main/DEBUG] [oshi.util.FileUtil/]: Reading file /sys/devices/system/cpu/cpu4/cache/index0/size
[14Sept2026 22:47:38.516] [main/DEBUG] [oshi.util.FileUtil/]: Reading file /sys/devices/system/cpu/cpu4/cache/index3/level
[14Sept2026 22:47:38.516] [main/DEBUG] [oshi.util.FileUtil/]: Reading file /sys/devices/system/cpu/cpu4/cache/index3/level
[14Sept2026 22:47:38.517] [main/DEBUG] [oshi.util.FileUtil/]: Reading file /sys/devices/system/cpu/cpu4/cache/index3/type
[14Sept2026 22:47:38.517] [main/DEBUG] [oshi.util.FileUtil/]: Reading file /sys/devices/system/cpu/cpu4/cache/index3/type
[14Sept2026 22:47:38.517] [main/DEBUG] [oshi.util.FileUtil/]: Reading file /sys/devices/system/cpu/cpu4/cache/index3/ways_of_associativity
[14Sept2026 22:47:38.517] [main/DEBUG] [oshi.util.FileUtil/]: Reading file /sys/devices/system/cpu/cpu4/cache/index3/ways_of_associativity
[14Sept2026 22:47:38.517] [main/DEBUG] [oshi.util.FileUtil/]: Reading file /sys/devices/system/cpu/cpu4/cache/index3/coherency_line_size
[14Sept2026 22:47:38.517] [main/DEBUG] [oshi.util.FileUtil/]: Reading file /sys/devices/system/cpu/cpu4/cache/index3/coherency_line_size
[14Sept2026 22:47:38.517] [main/DEBUG] [oshi.util.FileUtil/]: Reading file /sys/devices/system/cpu/cpu4/cache/index3/size
[14Sept2026 22:47:38.517] [main/DEBUG] [oshi.util.FileUtil/]: Reading file /sys/devices/system/cpu/cpu4/cache/index3/size
[14Sept2026 22:47:38.517] [main/DEBUG] [oshi.util.FileUtil/]: Reading file /sys/devices/system/cpu/cpu4/cache/index1/level
[14Sept2026 22:47:38.517] [main/DEBUG] [oshi.util.FileUtil/]: Reading file /sys/devices/system/cpu/cpu4/cache/index1/level
[14Sept2026 22:47:38.517] [main/DEBUG] [oshi.util.FileUtil/]: Reading file /sys/devices/system/cpu/cpu4/cache/index1/type
[14Sept2026 22:47:38.517] [main/DEBUG] [oshi.util.FileUtil/]: Reading file /sys/devices/system/cpu/cpu4/cache/index1/type
[14Sept2026 22:47:38.517] [main/DEBUG] [oshi.util.FileUtil/]: Reading file /sys/devices/system/cpu/cpu4/cache/index1/ways_of_associativity
[14Sept2026 22:47:38.517] [main/DEBUG] [oshi.util.FileUtil/]: Reading file /sys/devices/system/cpu/cpu4/cache/index1/ways_of_associativity
[14Sept2026 22:47:38.517] [main/DEBUG] [oshi.util.FileUtil/]: Reading file /sys/devices/system/cpu/cpu4/cache/index1/coherency_line_size
[14Sept2026 22:47:38.517] [main/DEBUG] [oshi.util.FileUtil/]: Reading file /sys/devices/system/cpu/cpu4/cache/index1/coherency_line_size
[14Sept2026 22:47:38.517] [main/DEBUG] [oshi.util.FileUtil/]: Reading file /sys/devices/system/cpu/cpu4/cache/index1/size
[14Sept2026 22:47:38.517] [main/DEBUG] [oshi.util.FileUtil/]: Reading file /sys/devices/system/cpu/cpu4/cache/index1/size
[14Sept2026 22:47:38.518] [main/DEBUG] [oshi.util.FileUtil/]: Reading file /sys/devices/system/cpu/cpu5/topology/core_id
[14Sept2026 22:47:38.518] [main/DEBUG] [oshi.util.FileUtil/]: Reading file /sys/devices/system/cpu/cpu5/topology/core_id
[14Sept2026 22:47:38.518] [main/DEBUG] [oshi.util.FileUtil/]: Reading file /sys/devices/system/cpu/cpu5/topology/physical_package_id
[14Sept2026 22:47:38.518] [main/DEBUG] [oshi.util.FileUtil/]: Reading file /sys/devices/system/cpu/cpu5/topology/physical_package_id
[14Sept2026 22:47:38.518] [main/DEBUG] [oshi.util.FileUtil/]: Reading file /sys/devices/system/cpu/cpu5/cpu_capacity
[14Sept2026 22:47:38.518] [main/DEBUG] [oshi.util.FileUtil/]: Reading file /sys/devices/system/cpu/cpu5/cpu_capacity
[14Sept2026 22:47:38.518] [main/DEBUG] [oshi.util.FileUtil/]: Reading file /sys/devices/system/cpu/cpu5/cache/index2/level
[14Sept2026 22:47:38.518] [main/DEBUG] [oshi.util.FileUtil/]: Reading file /sys/devices/system/cpu/cpu5/cache/index2/level
[14Sept2026 22:47:38.518] [main/DEBUG] [oshi.util.FileUtil/]: Reading file /sys/devices/system/cpu/cpu5/cache/index2/type
[14Sept2026 22:47:38.518] [main/DEBUG] [oshi.util.FileUtil/]: Reading file /sys/devices/system/cpu/cpu5/cache/index2/type
[14Sept2026 22:47:38.518] [main/DEBUG] [oshi.util.FileUtil/]: Reading file /sys/devices/system/cpu/cpu5/cache/index2/ways_of_associativity
[14Sept2026 22:47:38.518] [main/DEBUG] [oshi.util.FileUtil/]: Reading file /sys/devices/system/cpu/cpu5/cache/index2/ways_of_associativity
[14Sept2026 22:47:38.518] [main/DEBUG] [oshi.util.FileUtil/]: Reading file /sys/devices/system/cpu/cpu5/cache/index2/coherency_line_size
[14Sept2026 22:47:38.518] [main/DEBUG] [oshi.util.FileUtil/]: Reading file /sys/devices/system/cpu/cpu5/cache/index2/coherency_line_size
[14Sept2026 22:47:38.518] [main/DEBUG] [oshi.util.FileUtil/]: Reading file /sys/devices/system/cpu/cpu5/cache/index2/size
[14Sept2026 22:47:38.518] [main/DEBUG] [oshi.util.FileUtil/]: Reading file /sys/devices/system/cpu/cpu5/cache/index2/size
[14Sept2026 22:47:38.518] [main/DEBUG] [oshi.util.FileUtil/]: Reading file /sys/devices/system/cpu/cpu5/cache/index0/level
[14Sept2026 22:47:38.518] [main/DEBUG] [oshi.util.FileUtil/]: Reading file /sys/devices/system/cpu/cpu5/cache/index0/level
[14Sept2026 22:47:38.518] [main/DEBUG] [oshi.util.FileUtil/]: Reading file /sys/devices/system/cpu/cpu5/cache/index0/type
[14Sept2026 22:47:38.518] [main/DEBUG] [oshi.util.FileUtil/]: Reading file /sys/devices/system/cpu/cpu5/cache/index0/type
[14Sept2026 22:47:38.519] [main/DEBUG] [oshi.util.FileUtil/]: Reading file /sys/devices/system/cpu/cpu5/cache/index0/ways_of_associativity
[14Sept2026 22:47:38.519] [main/DEBUG] [oshi.util.FileUtil/]: Reading file /sys/devices/system/cpu/cpu5/cache/index0/ways_of_associativity
[14Sept2026 22:47:38.519] [main/DEBUG] [oshi.util.FileUtil/]: Reading file /sys/devices/system/cpu/cpu5/cache/index0/coherency_line_size
[14Sept2026 22:47:38.519] [main/DEBUG] [oshi.util.FileUtil/]: Reading file /sys/devices/system/cpu/cpu5/cache/index0/coherency_line_size
[14Sept2026 22:47:38.519] [main/DEBUG] [oshi.util.FileUtil/]: Reading file /sys/devices/system/cpu/cpu5/cache/index0/size
[14Sept2026 22:47:38.519] [main/DEBUG] [oshi.util.FileUtil/]: Reading file /sys/devices/system/cpu/cpu5/cache/index0/size
[14Sept2026 22:47:38.519] [main/DEBUG] [oshi.util.FileUtil/]: Reading file /sys/devices/system/cpu/cpu5/cache/index3/level
[14Sept2026 22:47:38.519] [main/DEBUG] [oshi.util.FileUtil/]: Reading file /sys/devices/system/cpu/cpu5/cache/index3/level
[14Sept2026 22:47:38.519] [main/DEBUG] [oshi.util.FileUtil/]: Reading file /sys/devices/system/cpu/cpu5/cache/index3/type
[14Sept2026 22:47:38.519] [main/DEBUG] [oshi.util.FileUtil/]: Reading file /sys/devices/system/cpu/cpu5/cache/index3/type
[14Sept2026 22:47:38.519] [main/DEBUG] [oshi.util.FileUtil/]: Reading file /sys/devices/system/cpu/cpu5/cache/index3/ways_of_associativity
[14Sept2026 22:47:38.519] [main/DEBUG] [oshi.util.FileUtil/]: Reading file /sys/devices/system/cpu/cpu5/cache/index3/ways_of_associativity
[14Sept2026 22:47:38.519] [main/DEBUG] [oshi.util.FileUtil/]: Reading file /sys/devices/system/cpu/cpu5/cache/index3/coherency_line_size
[14Sept2026 22:47:38.519] [main/DEBUG] [oshi.util.FileUtil/]: Reading file /sys/devices/system/cpu/cpu5/cache/index3/coherency_line_size
[14Sept2026 22:47:38.519] [main/DEBUG] [oshi.util.FileUtil/]: Reading file /sys/devices/system/cpu/cpu5/cache/index3/size
[14Sept2026 22:47:38.519] [main/DEBUG] [oshi.util.FileUtil/]: Reading file /sys/devices/system/cpu/cpu5/cache/index3/size
[14Sept2026 22:47:38.519] [main/DEBUG] [oshi.util.FileUtil/]: Reading file /sys/devices/system/cpu/cpu5/cache/index1/level
[14Sept2026 22:47:38.519] [main/DEBUG] [oshi.util.FileUtil/]: Reading file /sys/devices/system/cpu/cpu5/cache/index1/level
[14Sept2026 22:47:38.519] [main/DEBUG] [oshi.util.FileUtil/]: Reading file /sys/devices/system/cpu/cpu5/cache/index1/type
[14Sept2026 22:47:38.519] [main/DEBUG] [oshi.util.FileUtil/]: Reading file /sys/devices/system/cpu/cpu5/cache/index1/type
[14Sept2026 22:47:38.520] [main/DEBUG] [oshi.util.FileUtil/]: Reading file /sys/devices/system/cpu/cpu5/cache/index1/ways_of_associativity
[14Sept2026 22:47:38.520] [main/DEBUG] [oshi.util.FileUtil/]: Reading file /sys/devices/system/cpu/cpu5/cache/index1/ways_of_associativity
[14Sept2026 22:47:38.520] [main/DEBUG] [oshi.util.FileUtil/]: Reading file /sys/devices/system/cpu/cpu5/cache/index1/coherency_line_size
[14Sept2026 22:47:38.520] [main/DEBUG] [oshi.util.FileUtil/]: Reading file /sys/devices/system/cpu/cpu5/cache/index1/coherency_line_size
[14Sept2026 22:47:38.520] [main/DEBUG] [oshi.util.FileUtil/]: Reading file /sys/devices/system/cpu/cpu5/cache/index1/size
[14Sept2026 22:47:38.520] [main/DEBUG] [oshi.util.FileUtil/]: Reading file /sys/devices/system/cpu/cpu5/cache/index1/size
[14Sept2026 22:47:38.520] [main/DEBUG] [oshi.util.FileUtil/]: Reading file /sys/devices/system/cpu/cpu6/topology/core_id
[14Sept2026 22:47:38.520] [main/DEBUG] [oshi.util.FileUtil/]: Reading file /sys/devices/system/cpu/cpu6/topology/core_id
[14Sept2026 22:47:38.520] [main/DEBUG] [oshi.util.FileUtil/]: Reading file /sys/devices/system/cpu/cpu6/topology/physical_package_id
[14Sept2026 22:47:38.520] [main/DEBUG] [oshi.util.FileUtil/]: Reading file /sys/devices/system/cpu/cpu6/topology/physical_package_id
[14Sept2026 22:47:38.520] [main/DEBUG] [oshi.util.FileUtil/]: Reading file /sys/devices/system/cpu/cpu6/cpu_capacity
[14Sept2026 22:47:38.520] [main/DEBUG] [oshi.util.FileUtil/]: Reading file /sys/devices/system/cpu/cpu6/cpu_capacity
[14Sept2026 22:47:38.520] [main/DEBUG] [oshi.util.FileUtil/]: Reading file /sys/devices/system/cpu/cpu6/cache/index2/level
[14Sept2026 22:47:38.520] [main/DEBUG] [oshi.util.FileUtil/]: Reading file /sys/devices/system/cpu/cpu6/cache/index2/level
[14Sept2026 22:47:38.520] [main/DEBUG] [oshi.util.FileUtil/]: Reading file /sys/devices/system/cpu/cpu6/cache/index2/type
[14Sept2026 22:47:38.521] [main/DEBUG] [oshi.util.FileUtil/]: Reading file /sys/devices/system/cpu/cpu6/cache/index2/type
[14Sept2026 22:47:38.521] [main/DEBUG] [oshi.util.FileUtil/]: Reading file /sys/devices/system/cpu/cpu6/cache/index2/ways_of_associativity
[14Sept2026 22:47:38.521] [main/DEBUG] [oshi.util.FileUtil/]: Reading file /sys/devices/system/cpu/cpu6/cache/index2/ways_of_associativity
[14Sept2026 22:47:38.521] [main/DEBUG] [oshi.util.FileUtil/]: Reading file /sys/devices/system/cpu/cpu6/cache/index2/coherency_line_size
[14Sept2026 22:47:38.521] [main/DEBUG] [oshi.util.FileUtil/]: Reading file /sys/devices/system/cpu/cpu6/cache/index2/coherency_line_size
[14Sept2026 22:47:38.521] [main/DEBUG] [oshi.util.FileUtil/]: Reading file /sys/devices/system/cpu/cpu6/cache/index2/size
[14Sept2026 22:47:38.521] [main/DEBUG] [oshi.util.FileUtil/]: Reading file /sys/devices/system/cpu/cpu6/cache/index2/size
[14Sept2026 22:47:38.521] [main/DEBUG] [oshi.util.FileUtil/]: Reading file /sys/devices/system/cpu/cpu6/cache/index0/level
[14Sept2026 22:47:38.521] [main/DEBUG] [oshi.util.FileUtil/]: Reading file /sys/devices/system/cpu/cpu6/cache/index0/level
[14Sept2026 22:47:38.521] [main/DEBUG] [oshi.util.FileUtil/]: Reading file /sys/devices/system/cpu/cpu6/cache/index0/type
[14Sept2026 22:47:38.521] [main/DEBUG] [oshi.util.FileUtil/]: Reading file /sys/devices/system/cpu/cpu6/cache/index0/type
[14Sept2026 22:47:38.521] [main/DEBUG] [oshi.util.FileUtil/]: Reading file /sys/devices/system/cpu/cpu6/cache/index0/ways_of_associativity
[14Sept2026 22:47:38.521] [main/DEBUG] [oshi.util.FileUtil/]: Reading file /sys/devices/system/cpu/cpu6/cache/index0/ways_of_associativity
[14Sept2026 22:47:38.521] [main/DEBUG] [oshi.util.FileUtil/]: Reading file /sys/devices/system/cpu/cpu6/cache/index0/coherency_line_size
[14Sept2026 22:47:38.521] [main/DEBUG] [oshi.util.FileUtil/]: Reading file /sys/devices/system/cpu/cpu6/cache/index0/coherency_line_size
[14Sept2026 22:47:38.521] [main/DEBUG] [oshi.util.FileUtil/]: Reading file /sys/devices/system/cpu/cpu6/cache/index0/size
[14Sept2026 22:47:38.521] [main/DEBUG] [oshi.util.FileUtil/]: Reading file /sys/devices/system/cpu/cpu6/cache/index0/size
[14Sept2026 22:47:38.521] [main/DEBUG] [oshi.util.FileUtil/]: Reading file /sys/devices/system/cpu/cpu6/cache/index3/level
[14Sept2026 22:47:38.522] [main/DEBUG] [oshi.util.FileUtil/]: Reading file /sys/devices/system/cpu/cpu6/cache/index3/level
[14Sept2026 22:47:38.522] [main/DEBUG] [oshi.util.FileUtil/]: Reading file /sys/devices/system/cpu/cpu6/cache/index3/type
[14Sept2026 22:47:38.522] [main/DEBUG] [oshi.util.FileUtil/]: Reading file /sys/devices/system/cpu/cpu6/cache/index3/type
[14Sept2026 22:47:38.522] [main/DEBUG] [oshi.util.FileUtil/]: Reading file /sys/devices/system/cpu/cpu6/cache/index3/ways_of_associativity
[14Sept2026 22:47:38.522] [main/DEBUG] [oshi.util.FileUtil/]: Reading file /sys/devices/system/cpu/cpu6/cache/index3/ways_of_associativity
[14Sept2026 22:47:38.522] [main/DEBUG] [oshi.util.FileUtil/]: Reading file /sys/devices/system/cpu/cpu6/cache/index3/coherency_line_size
[14Sept2026 22:47:38.522] [main/DEBUG] [oshi.util.FileUtil/]: Reading file /sys/devices/system/cpu/cpu6/cache/index3/coherency_line_size
[14Sept2026 22:47:38.522] [main/DEBUG] [oshi.util.FileUtil/]: Reading file /sys/devices/system/cpu/cpu6/cache/index3/size
[14Sept2026 22:47:38.522] [main/DEBUG] [oshi.util.FileUtil/]: Reading file /sys/devices/system/cpu/cpu6/cache/index3/size
[14Sept2026 22:47:38.522] [main/DEBUG] [oshi.util.FileUtil/]: Reading file /sys/devices/system/cpu/cpu6/cache/index1/level
[14Sept2026 22:47:38.522] [main/DEBUG] [oshi.util.FileUtil/]: Reading file /sys/devices/system/cpu/cpu6/cache/index1/level
[14Sept2026 22:47:38.522] [main/DEBUG] [oshi.util.FileUtil/]: Reading file /sys/devices/system/cpu/cpu6/cache/index1/type
[14Sept2026 22:47:38.522] [main/DEBUG] [oshi.util.FileUtil/]: Reading file /sys/devices/system/cpu/cpu6/cache/index1/type
[14Sept2026 22:47:38.522] [main/DEBUG] [oshi.util.FileUtil/]: Reading file /sys/devices/system/cpu/cpu6/cache/index1/ways_of_associativity
[14Sept2026 22:47:38.522] [main/DEBUG] [oshi.util.FileUtil/]: Reading file /sys/devices/system/cpu/cpu6/cache/index1/ways_of_associativity
[14Sept2026 22:47:38.522] [main/DEBUG] [oshi.util.FileUtil/]: Reading file /sys/devices/system/cpu/cpu6/cache/index1/coherency_line_size
[14Sept2026 22:47:38.522] [main/DEBUG] [oshi.util.FileUtil/]: Reading file /sys/devices/system/cpu/cpu6/cache/index1/coherency_line_size
[14Sept2026 22:47:38.522] [main/DEBUG] [oshi.util.FileUtil/]: Reading file /sys/devices/system/cpu/cpu6/cache/index1/size
[14Sept2026 22:47:38.522] [main/DEBUG] [oshi.util.FileUtil/]: Reading file /sys/devices/system/cpu/cpu6/cache/index1/size
[14Sept2026 22:47:38.523] [main/DEBUG] [oshi.util.FileUtil/]: Reading file /sys/devices/system/cpu/cpu7/topology/core_id
[14Sept2026 22:47:38.523] [main/DEBUG] [oshi.util.FileUtil/]: Reading file /sys/devices/system/cpu/cpu7/topology/core_id
[14Sept2026 22:47:38.523] [main/DEBUG] [oshi.util.FileUtil/]: Reading file /sys/devices/system/cpu/cpu7/topology/physical_package_id
[14Sept2026 22:47:38.523] [main/DEBUG] [oshi.util.FileUtil/]: Reading file /sys/devices/system/cpu/cpu7/topology/physical_package_id
[14Sept2026 22:47:38.523] [main/DEBUG] [oshi.util.FileUtil/]: Reading file /sys/devices/system/cpu/cpu7/cpu_capacity
[14Sept2026 22:47:38.523] [main/DEBUG] [oshi.util.FileUtil/]: Reading file /sys/devices/system/cpu/cpu7/cpu_capacity
[14Sept2026 22:47:38.523] [main/DEBUG] [oshi.util.FileUtil/]: Reading file /sys/devices/system/cpu/cpu7/cache/index2/level
[14Sept2026 22:47:38.523] [main/DEBUG] [oshi.util.FileUtil/]: Reading file /sys/devices/system/cpu/cpu7/cache/index2/level
[14Sept2026 22:47:38.523] [main/DEBUG] [oshi.util.FileUtil/]: Reading file /sys/devices/system/cpu/cpu7/cache/index2/type
[14Sept2026 22:47:38.523] [main/DEBUG] [oshi.util.FileUtil/]: Reading file /sys/devices/system/cpu/cpu7/cache/index2/type
[14Sept2026 22:47:38.523] [main/DEBUG] [oshi.util.FileUtil/]: Reading file /sys/devices/system/cpu/cpu7/cache/index2/ways_of_associativity
[14Sept2026 22:47:38.523] [main/DEBUG] [oshi.util.FileUtil/]: Reading file /sys/devices/system/cpu/cpu7/cache/index2/ways_of_associativity
[14Sept2026 22:47:38.523] [main/DEBUG] [oshi.util.FileUtil/]: Reading file /sys/devices/system/cpu/cpu7/cache/index2/coherency_line_size
[14Sept2026 22:47:38.523] [main/DEBUG] [oshi.util.FileUtil/]: Reading file /sys/devices/system/cpu/cpu7/cache/index2/coherency_line_size
[14Sept2026 22:47:38.523] [main/DEBUG] [oshi.util.FileUtil/]: Reading file /sys/devices/system/cpu/cpu7/cache/index2/size
[14Sept2026 22:47:38.523] [main/DEBUG] [oshi.util.FileUtil/]: Reading file /sys/devices/system/cpu/cpu7/cache/index2/size
[14Sept2026 22:47:38.523] [main/DEBUG] [oshi.util.FileUtil/]: Reading file /sys/devices/system/cpu/cpu7/cache/index0/level
[14Sept2026 22:47:38.523] [main/DEBUG] [oshi.util.FileUtil/]: Reading file /sys/devices/system/cpu/cpu7/cache/index0/level
[14Sept2026 22:47:38.523] [main/DEBUG] [oshi.util.FileUtil/]: Reading file /sys/devices/system/cpu/cpu7/cache/index0/type
[14Sept2026 22:47:38.523] [main/DEBUG] [oshi.util.FileUtil/]: Reading file /sys/devices/system/cpu/cpu7/cache/index0/type
[14Sept2026 22:47:38.523] [main/DEBUG] [oshi.util.FileUtil/]: Reading file /sys/devices/system/cpu/cpu7/cache/index0/ways_of_associativity
[14Sept2026 22:47:38.523] [main/DEBUG] [oshi.util.FileUtil/]: Reading file /sys/devices/system/cpu/cpu7/cache/index0/ways_of_associativity
[14Sept2026 22:47:38.524] [main/DEBUG] [oshi.util.FileUtil/]: Reading file /sys/devices/system/cpu/cpu7/cache/index0/coherency_line_size
[14Sept2026 22:47:38.524] [main/DEBUG] [oshi.util.FileUtil/]: Reading file /sys/devices/system/cpu/cpu7/cache/index0/coherency_line_size
[14Sept2026 22:47:38.524] [main/DEBUG] [oshi.util.FileUtil/]: Reading file /sys/devices/system/cpu/cpu7/cache/index0/size
[14Sept2026 22:47:38.524] [main/DEBUG] [oshi.util.FileUtil/]: Reading file /sys/devices/system/cpu/cpu7/cache/index0/size
[14Sept2026 22:47:38.524] [main/DEBUG] [oshi.util.FileUtil/]: Reading file /sys/devices/system/cpu/cpu7/cache/index3/level
[14Sept2026 22:47:38.524] [main/DEBUG] [oshi.util.FileUtil/]: Reading file /sys/devices/system/cpu/cpu7/cache/index3/level
[14Sept2026 22:47:38.524] [main/DEBUG] [oshi.util.FileUtil/]: Reading file /sys/devices/system/cpu/cpu7/cache/index3/type
[14Sept2026 22:47:38.524] [main/DEBUG] [oshi.util.FileUtil/]: Reading file /sys/devices/system/cpu/cpu7/cache/index3/type
[14Sept2026 22:47:38.524] [main/DEBUG] [oshi.util.FileUtil/]: Reading file /sys/devices/system/cpu/cpu7/cache/index3/ways_of_associativity
[14Sept2026 22:47:38.524] [main/DEBUG] [oshi.util.FileUtil/]: Reading file /sys/devices/system/cpu/cpu7/cache/index3/ways_of_associativity
[14Sept2026 22:47:38.524] [main/DEBUG] [oshi.util.FileUtil/]: Reading file /sys/devices/system/cpu/cpu7/cache/index3/coherency_line_size
[14Sept2026 22:47:38.524] [main/DEBUG] [oshi.util.FileUtil/]: Reading file /sys/devices/system/cpu/cpu7/cache/index3/coherency_line_size
[14Sept2026 22:47:38.524] [main/DEBUG] [oshi.util.FileUtil/]: Reading file /sys/devices/system/cpu/cpu7/cache/index3/size
[14Sept2026 22:47:38.524] [main/DEBUG] [oshi.util.FileUtil/]: Reading file /sys/devices/system/cpu/cpu7/cache/index3/size
[14Sept2026 22:47:38.524] [main/DEBUG] [oshi.util.FileUtil/]: Reading file /sys/devices/system/cpu/cpu7/cache/index1/level
[14Sept2026 22:47:38.524] [main/DEBUG] [oshi.util.FileUtil/]: Reading file /sys/devices/system/cpu/cpu7/cache/index1/level
[14Sept2026 22:47:38.524] [main/DEBUG] [oshi.util.FileUtil/]: Reading file /sys/devices/system/cpu/cpu7/cache/index1/type
[14Sept2026 22:47:38.524] [main/DEBUG] [oshi.util.FileUtil/]: Reading file /sys/devices/system/cpu/cpu7/cache/index1/type
[14Sept2026 22:47:38.524] [main/DEBUG] [oshi.util.FileUtil/]: Reading file /sys/devices/system/cpu/cpu7/cache/index1/ways_of_associativity
[14Sept2026 22:47:38.524] [main/DEBUG] [oshi.util.FileUtil/]: Reading file /sys/devices/system/cpu/cpu7/cache/index1/ways_of_associativity
[14Sept2026 22:47:38.524] [main/DEBUG] [oshi.util.FileUtil/]: Reading file /sys/devices/system/cpu/cpu7/cache/index1/coherency_line_size
[14Sept2026 22:47:38.524] [main/DEBUG] [oshi.util.FileUtil/]: Reading file /sys/devices/system/cpu/cpu7/cache/index1/coherency_line_size
[14Sept2026 22:47:38.525] [main/DEBUG] [oshi.util.FileUtil/]: Reading file /sys/devices/system/cpu/cpu7/cache/index1/size
[14Sept2026 22:47:38.525] [main/DEBUG] [oshi.util.FileUtil/]: Reading file /sys/devices/system/cpu/cpu7/cache/index1/size
[14Sept2026 22:47:38.525] [main/DEBUG] [oshi.util.FileUtil/]: Reading file /sys/devices/system/cpu/cpu8/topology/core_id
[14Sept2026 22:47:38.525] [main/DEBUG] [oshi.util.FileUtil/]: Reading file /sys/devices/system/cpu/cpu8/topology/core_id
[14Sept2026 22:47:38.525] [main/DEBUG] [oshi.util.FileUtil/]: Reading file /sys/devices/system/cpu/cpu8/topology/physical_package_id
[14Sept2026 22:47:38.525] [main/DEBUG] [oshi.util.FileUtil/]: Reading file /sys/devices/system/cpu/cpu8/topology/physical_package_id
[14Sept2026 22:47:38.525] [main/DEBUG] [oshi.util.FileUtil/]: Reading file /sys/devices/system/cpu/cpu8/cpu_capacity
[14Sept2026 22:47:38.525] [main/DEBUG] [oshi.util.FileUtil/]: Reading file /sys/devices/system/cpu/cpu8/cpu_capacity
[14Sept2026 22:47:38.525] [main/DEBUG] [oshi.util.FileUtil/]: Reading file /sys/devices/system/cpu/cpu8/cache/index2/level
[14Sept2026 22:47:38.525] [main/DEBUG] [oshi.util.FileUtil/]: Reading file /sys/devices/system/cpu/cpu8/cache/index2/level
[14Sept2026 22:47:38.525] [main/DEBUG] [oshi.util.FileUtil/]: Reading file /sys/devices/system/cpu/cpu8/cache/index2/type
[14Sept2026 22:47:38.525] [main/DEBUG] [oshi.util.FileUtil/]: Reading file /sys/devices/system/cpu/cpu8/cache/index2/type
[14Sept2026 22:47:38.525] [main/DEBUG] [oshi.util.FileUtil/]: Reading file /sys/devices/system/cpu/cpu8/cache/index2/ways_of_associativity
[14Sept2026 22:47:38.525] [main/DEBUG] [oshi.util.FileUtil/]: Reading file /sys/devices/system/cpu/cpu8/cache/index2/ways_of_associativity
[14Sept2026 22:47:38.525] [main/DEBUG] [oshi.util.FileUtil/]: Reading file /sys/devices/system/cpu/cpu8/cache/index2/coherency_line_size
[14Sept2026 22:47:38.525] [main/DEBUG] [oshi.util.FileUtil/]: Reading file /sys/devices/system/cpu/cpu8/cache/index2/coherency_line_size
[14Sept2026 22:47:38.525] [main/DEBUG] [oshi.util.FileUtil/]: Reading file /sys/devices/system/cpu/cpu8/cache/index2/size
[14Sept2026 22:47:38.525] [main/DEBUG] [oshi.util.FileUtil/]: Reading file /sys/devices/system/cpu/cpu8/cache/index2/size
[14Sept2026 22:47:38.525] [main/DEBUG] [oshi.util.FileUtil/]: Reading file /sys/devices/system/cpu/cpu8/cache/index0/level
[14Sept2026 22:47:38.526] [main/DEBUG] [oshi.util.FileUtil/]: Reading file /sys/devices/system/cpu/cpu8/cache/index0/level
[14Sept2026 22:47:38.526] [main/DEBUG] [oshi.util.FileUtil/]: Reading file /sys/devices/system/cpu/cpu8/cache/index0/type
[14Sept2026 22:47:38.526] [main/DEBUG] [oshi.util.FileUtil/]: Reading file /sys/devices/system/cpu/cpu8/cache/index0/type
[14Sept2026 22:47:38.526] [main/DEBUG] [oshi.util.FileUtil/]: Reading file /sys/devices/system/cpu/cpu8/cache/index0/ways_of_associativity
[14Sept2026 22:47:38.526] [main/DEBUG] [oshi.util.FileUtil/]: Reading file /sys/devices/system/cpu/cpu8/cache/index0/ways_of_associativity
[14Sept2026 22:47:38.526] [main/DEBUG] [oshi.util.FileUtil/]: Reading file /sys/devices/system/cpu/cpu8/cache/index0/coherency_line_size
[14Sept2026 22:47:38.526] [main/DEBUG] [oshi.util.FileUtil/]: Reading file /sys/devices/system/cpu/cpu8/cache/index0/coherency_line_size
[14Sept2026 22:47:38.526] [main/DEBUG] [oshi.util.FileUtil/]: Reading file /sys/devices/system/cpu/cpu8/cache/index0/size
[14Sept2026 22:47:38.526] [main/DEBUG] [oshi.util.FileUtil/]: Reading file /sys/devices/system/cpu/cpu8/cache/index0/size
[14Sept2026 22:47:38.526] [main/DEBUG] [oshi.util.FileUtil/]: Reading file /sys/devices/system/cpu/cpu8/cache/index3/level
[14Sept2026 22:47:38.526] [main/DEBUG] [oshi.util.FileUtil/]: Reading file /sys/devices/system/cpu/cpu8/cache/index3/level
[14Sept2026 22:47:38.526] [main/DEBUG] [oshi.util.FileUtil/]: Reading file /sys/devices/system/cpu/cpu8/cache/index3/type
[14Sept2026 22:47:38.526] [main/DEBUG] [oshi.util.FileUtil/]: Reading file /sys/devices/system/cpu/cpu8/cache/index3/type
[14Sept2026 22:47:38.526] [main/DEBUG] [oshi.util.FileUtil/]: Reading file /sys/devices/system/cpu/cpu8/cache/index3/ways_of_associativity
[14Sept2026 22:47:38.526] [main/DEBUG] [oshi.util.FileUtil/]: Reading file /sys/devices/system/cpu/cpu8/cache/index3/ways_of_associativity
[14Sept2026 22:47:38.526] [main/DEBUG] [oshi.util.FileUtil/]: Reading file /sys/devices/system/cpu/cpu8/cache/index3/coherency_line_size
[14Sept2026 22:47:38.526] [main/DEBUG] [oshi.util.FileUtil/]: Reading file /sys/devices/system/cpu/cpu8/cache/index3/coherency_line_size
[14Sept2026 22:47:38.526] [main/DEBUG] [oshi.util.FileUtil/]: Reading file /sys/devices/system/cpu/cpu8/cache/index3/size
[14Sept2026 22:47:38.526] [main/DEBUG] [oshi.util.FileUtil/]: Reading file /sys/devices/system/cpu/cpu8/cache/index3/size
[14Sept2026 22:47:38.526] [main/DEBUG] [oshi.util.FileUtil/]: Reading file /sys/devices/system/cpu/cpu8/cache/index1/level
[14Sept2026 22:47:38.526] [main/DEBUG] [oshi.util.FileUtil/]: Reading file /sys/devices/system/cpu/cpu8/cache/index1/level
[14Sept2026 22:47:38.526] [main/DEBUG] [oshi.util.FileUtil/]: Reading file /sys/devices/system/cpu/cpu8/cache/index1/type
[14Sept2026 22:47:38.526] [main/DEBUG] [oshi.util.FileUtil/]: Reading file /sys/devices/system/cpu/cpu8/cache/index1/type
[14Sept2026 22:47:38.526] [main/DEBUG] [oshi.util.FileUtil/]: Reading file /sys/devices/system/cpu/cpu8/cache/index1/ways_of_associativity
[14Sept2026 22:47:38.526] [main/DEBUG] [oshi.util.FileUtil/]: Reading file /sys/devices/system/cpu/cpu8/cache/index1/ways_of_associativity
[14Sept2026 22:47:38.526] [main/DEBUG] [oshi.util.FileUtil/]: Reading file /sys/devices/system/cpu/cpu8/cache/index1/coherency_line_size
[14Sept2026 22:47:38.526] [main/DEBUG] [oshi.util.FileUtil/]: Reading file /sys/devices/system/cpu/cpu8/cache/index1/coherency_line_size
[14Sept2026 22:47:38.526] [main/DEBUG] [oshi.util.FileUtil/]: Reading file /sys/devices/system/cpu/cpu8/cache/index1/size
[14Sept2026 22:47:38.527] [main/DEBUG] [oshi.util.FileUtil/]: Reading file /sys/devices/system/cpu/cpu8/cache/index1/size
[14Sept2026 22:47:38.527] [main/DEBUG] [oshi.util.FileUtil/]: Reading file /sys/devices/system/cpu/cpu9/topology/core_id
[14Sept2026 22:47:38.527] [main/DEBUG] [oshi.util.FileUtil/]: Reading file /sys/devices/system/cpu/cpu9/topology/core_id
[14Sept2026 22:47:38.527] [main/DEBUG] [oshi.util.FileUtil/]: Reading file /sys/devices/system/cpu/cpu9/topology/physical_package_id
[14Sept2026 22:47:38.527] [main/DEBUG] [oshi.util.FileUtil/]: Reading file /sys/devices/system/cpu/cpu9/topology/physical_package_id
[14Sept2026 22:47:38.527] [main/DEBUG] [oshi.util.FileUtil/]: Reading file /sys/devices/system/cpu/cpu9/cpu_capacity
[14Sept2026 22:47:38.527] [main/DEBUG] [oshi.util.FileUtil/]: Reading file /sys/devices/system/cpu/cpu9/cpu_capacity
[14Sept2026 22:47:38.527] [main/DEBUG] [oshi.util.FileUtil/]: Reading file /sys/devices/system/cpu/cpu9/cache/index2/level
[14Sept2026 22:47:38.527] [main/DEBUG] [oshi.util.FileUtil/]: Reading file /sys/devices/system/cpu/cpu9/cache/index2/level
[14Sept2026 22:47:38.527] [main/DEBUG] [oshi.util.FileUtil/]: Reading file /sys/devices/system/cpu/cpu9/cache/index2/type
[14Sept2026 22:47:38.527] [main/DEBUG] [oshi.util.FileUtil/]: Reading file /sys/devices/system/cpu/cpu9/cache/index2/type
[14Sept2026 22:47:38.527] [main/DEBUG] [oshi.util.FileUtil/]: Reading file /sys/devices/system/cpu/cpu9/cache/index2/ways_of_associativity
[14Sept2026 22:47:38.527] [main/DEBUG] [oshi.util.FileUtil/]: Reading file /sys/devices/system/cpu/cpu9/cache/index2/ways_of_associativity
[14Sept2026 22:47:38.527] [main/DEBUG] [oshi.util.FileUtil/]: Reading file /sys/devices/system/cpu/cpu9/cache/index2/coherency_line_size
[14Sept2026 22:47:38.527] [main/DEBUG] [oshi.util.FileUtil/]: Reading file /sys/devices/system/cpu/cpu9/cache/index2/coherency_line_size
[14Sept2026 22:47:38.527] [main/DEBUG] [oshi.util.FileUtil/]: Reading file /sys/devices/system/cpu/cpu9/cache/index2/size
[14Sept2026 22:47:38.527] [main/DEBUG] [oshi.util.FileUtil/]: Reading file /sys/devices/system/cpu/cpu9/cache/index2/size
[14Sept2026 22:47:38.527] [main/DEBUG] [oshi.util.FileUtil/]: Reading file /sys/devices/system/cpu/cpu9/cache/index0/level
[14Sept2026 22:47:38.527] [main/DEBUG] [oshi.util.FileUtil/]: Reading file /sys/devices/system/cpu/cpu9/cache/index0/level
[14Sept2026 22:47:38.528] [main/DEBUG] [oshi.util.FileUtil/]: Reading file /sys/devices/system/cpu/cpu9/cache/index0/type
[14Sept2026 22:47:38.528] [main/DEBUG] [oshi.util.FileUtil/]: Reading file /sys/devices/system/cpu/cpu9/cache/index0/type
[14Sept2026 22:47:38.528] [main/DEBUG] [oshi.util.FileUtil/]: Reading file /sys/devices/system/cpu/cpu9/cache/index0/ways_of_associativity
[14Sept2026 22:47:38.528] [main/DEBUG] [oshi.util.FileUtil/]: Reading file /sys/devices/system/cpu/cpu9/cache/index0/ways_of_associativity
[14Sept2026 22:47:38.528] [main/DEBUG] [oshi.util.FileUtil/]: Reading file /sys/devices/system/cpu/cpu9/cache/index0/coherency_line_size
[14Sept2026 22:47:38.528] [main/DEBUG] [oshi.util.FileUtil/]: Reading file /sys/devices/system/cpu/cpu9/cache/index0/coherency_line_size
[14Sept2026 22:47:38.528] [main/DEBUG] [oshi.util.FileUtil/]: Reading file /sys/devices/system/cpu/cpu9/cache/index0/size
[14Sept2026 22:47:38.528] [main/DEBUG] [oshi.util.FileUtil/]: Reading file /sys/devices/system/cpu/cpu9/cache/index0/size
[14Sept2026 22:47:38.528] [main/DEBUG] [oshi.util.FileUtil/]: Reading file /sys/devices/system/cpu/cpu9/cache/index3/level
[14Sept2026 22:47:38.528] [main/DEBUG] [oshi.util.FileUtil/]: Reading file /sys/devices/system/cpu/cpu9/cache/index3/level
[14Sept2026 22:47:38.528] [main/DEBUG] [oshi.util.FileUtil/]: Reading file /sys/devices/system/cpu/cpu9/cache/index3/type
[14Sept2026 22:47:38.528] [main/DEBUG] [oshi.util.FileUtil/]: Reading file /sys/devices/system/cpu/cpu9/cache/index3/type
[14Sept2026 22:47:38.528] [main/DEBUG] [oshi.util.FileUtil/]: Reading file /sys/devices/system/cpu/cpu9/cache/index3/ways_of_associativity
[14Sept2026 22:47:38.528] [main/DEBUG] [oshi.util.FileUtil/]: Reading file /sys/devices/system/cpu/cpu9/cache/index3/ways_of_associativity
[14Sept2026 22:47:38.528] [main/DEBUG] [oshi.util.FileUtil/]: Reading file /sys/devices/system/cpu/cpu9/cache/index3/coherency_line_size
[14Sept2026 22:47:38.528] [main/DEBUG] [oshi.util.FileUtil/]: Reading file /sys/devices/system/cpu/cpu9/cache/index3/coherency_line_size
[14Sept2026 22:47:38.528] [main/DEBUG] [oshi.util.FileUtil/]: Reading file /sys/devices/system/cpu/cpu9/cache/index3/size
[14Sept2026 22:47:38.528] [main/DEBUG] [oshi.util.FileUtil/]: Reading file /sys/devices/system/cpu/cpu9/cache/index3/size
[14Sept2026 22:47:38.528] [main/DEBUG] [oshi.util.FileUtil/]: Reading file /sys/devices/system/cpu/cpu9/cache/index1/level
[14Sept2026 22:47:38.528] [main/DEBUG] [oshi.util.FileUtil/]: Reading file /sys/devices/system/cpu/cpu9/cache/index1/level
[14Sept2026 22:47:38.528] [main/DEBUG] [oshi.util.FileUtil/]: Reading file /sys/devices/system/cpu/cpu9/cache/index1/type
[14Sept2026 22:47:38.528] [main/DEBUG] [oshi.util.FileUtil/]: Reading file /sys/devices/system/cpu/cpu9/cache/index1/type
[14Sept2026 22:47:38.528] [main/DEBUG] [oshi.util.FileUtil/]: Reading file /sys/devices/system/cpu/cpu9/cache/index1/ways_of_associativity
[14Sept2026 22:47:38.528] [main/DEBUG] [oshi.util.FileUtil/]: Reading file /sys/devices/system/cpu/cpu9/cache/index1/ways_of_associativity
[14Sept2026 22:47:38.528] [main/DEBUG] [oshi.util.FileUtil/]: Reading file /sys/devices/system/cpu/cpu9/cache/index1/coherency_line_size
[14Sept2026 22:47:38.529] [main/DEBUG] [oshi.util.FileUtil/]: Reading file /sys/devices/system/cpu/cpu9/cache/index1/coherency_line_size
[14Sept2026 22:47:38.529] [main/DEBUG] [oshi.util.FileUtil/]: Reading file /sys/devices/system/cpu/cpu9/cache/index1/size
[14Sept2026 22:47:38.529] [main/DEBUG] [oshi.util.FileUtil/]: Reading file /sys/devices/system/cpu/cpu9/cache/index1/size
[14Sept2026 22:47:38.531] [main/DEBUG] [oshi.util.FileUtil/]: Reading file /proc/cpuinfo
[14Sept2026 22:47:38.538] [main/DEBUG] [oshi.util.FileUtil/]: Reading file /proc/self/auxv
[14Sept2026 22:47:38.539] [main/DEBUG] [oshi.util.FileUtil/]: No oshi.architecture.properties file found from ClassLoader cpw.mods.modlauncher.TransformingClassLoader@6f667ad1
[14Sept2026 22:47:38.576] [main/DEBUG] [oshi.util.FileUtil/]: Reading file /proc/meminfo
[14Sept2026 22:47:38.577] [main/DEBUG] [oshi.util.FileUtil/]: Reading file /proc/meminfo
[14Sept2026 22:47:38.620] [main/INFO] [MixinExtras|Service/]: Initializing MixinExtras via com.llamalad7.mixinextras.service.MixinExtrasServiceImpl(version=0.5.3).
[14Sept2026 22:47:38.621] [main/DEBUG] [mixin/]: Registering new injector for @SugarWrapper with com.llamalad7.mixinextras.sugar.impl.SugarWrapperInjectionInfo
[14Sept2026 22:47:38.622] [main/DEBUG] [mixin/]: Registering new injector for @FactoryRedirectWrapper with com.llamalad7.mixinextras.wrapper.factory.FactoryRedirectWrapperInjectionInfo
[14Sept2026 22:47:38.622] [main/DEBUG] [mixin/]: Registering new injector for @ExpressionInjectorWrapper with com.llamalad7.mixinextras.expression.impl.wrapper.ExpressionInjectorWrapperInjectionInfo
[14Sept2026 22:47:38.631] [main/DEBUG] [mixin/]: Mixing MappedRegistryAccessor from neoforge.mixins.json into net.minecraft.core.MappedRegistry
[14Sept2026 22:47:39.254] [main/DEBUG] [mixin/]: Mixing BlockEntityTypeAccessor from neoforge.mixins.json into net.minecraft.world.level.block.entity.BlockEntityType
[14Sept2026 22:47:39.970] [main/DEBUG] [io.netty.util.internal.PlatformDependent0/]: -Dio.netty.noUnsafe: false
[14Sept2026 22:47:39.970] [main/DEBUG] [io.netty.util.internal.PlatformDependent0/]: Java version: 21
[14Sept2026 22:47:39.971] [main/DEBUG] [io.netty.util.internal.PlatformDependent0/]: sun.misc.Unsafe.theUnsafe: available
[14Sept2026 22:47:39.971] [main/DEBUG] [io.netty.util.internal.PlatformDependent0/]: sun.misc.Unsafe.copyMemory: available
[14Sept2026 22:47:39.971] [main/DEBUG] [io.netty.util.internal.PlatformDependent0/]: sun.misc.Unsafe.storeFence: available
[14Sept2026 22:47:39.971] [main/DEBUG] [io.netty.util.internal.PlatformDependent0/]: java.nio.Buffer.address: available
[14Sept2026 22:47:39.971] [main/DEBUG] [io.netty.util.internal.PlatformDependent0/]: direct buffer constructor: unavailable: Reflective setAccessible(true) disabled
[14Sept2026 22:47:39.972] [main/DEBUG] [io.netty.util.internal.PlatformDependent0/]: java.nio.Bits.unaligned: available, true
[14Sept2026 22:47:39.972] [main/DEBUG] [io.netty.util.internal.PlatformDependent0/]: jdk.internal.misc.Unsafe.allocateUninitializedArray(int): unavailable: class io.netty.util.internal.PlatformDependent0$7 (in module io.netty.common) cannot access class jdk.internal.misc.Unsafe (in module java.base) because module java.base does not export jdk.internal.misc to module io.netty.common
[14Sept2026 22:47:39.973] [main/DEBUG] [io.netty.util.internal.PlatformDependent0/]: java.nio.DirectByteBuffer.<init>(long, {int,long}): unavailable
[14Sept2026 22:47:39.973] [main/DEBUG] [io.netty.util.internal.PlatformDependent/]: sun.misc.Unsafe: available
[14Sept2026 22:47:39.973] [main/DEBUG] [io.netty.util.internal.PlatformDependent/]: maxDirectMemory: 4171235328 bytes (maybe)
[14Sept2026 22:47:39.973] [main/DEBUG] [io.netty.util.internal.PlatformDependent/]: -Dio.netty.tmpdir: /tmp (java.io.tmpdir)
[14Sept2026 22:47:39.973] [main/DEBUG] [io.netty.util.internal.PlatformDependent/]: -Dio.netty.bitMode: 64 (sun.arch.data.model)
[14Sept2026 22:47:39.974] [main/DEBUG] [io.netty.util.internal.PlatformDependent/]: -Dio.netty.maxDirectMemory: -1 bytes
[14Sept2026 22:47:39.974] [main/DEBUG] [io.netty.util.internal.PlatformDependent/]: -Dio.netty.uninitializedArrayAllocationThreshold: -1
[14Sept2026 22:47:39.974] [main/DEBUG] [io.netty.util.internal.CleanerJava9/]: java.nio.ByteBuffer.cleaner(): available
[14Sept2026 22:47:39.975] [main/DEBUG] [io.netty.util.internal.PlatformDependent/]: -Dio.netty.noPreferDirect: false
[14Sept2026 22:47:41.809] [main/WARN] [net.minecraft.commands.Commands/]: Ambiguity between arguments [teleport, location] and [teleport, destination] with inputs: [0.1 -0.5 .9, 0 0 0]
[14Sept2026 22:47:41.810] [main/WARN] [net.minecraft.commands.Commands/]: Ambiguity between arguments [teleport, location] and [teleport, targets] with inputs: [0.1 -0.5 .9, 0 0 0]
[14Sept2026 22:47:41.812] [main/WARN] [net.minecraft.commands.Commands/]: Ambiguity between arguments [teleport, destination] and [teleport, targets] with inputs: [Player, 0123, @e, dd12be42-52a9-4a91-a8a1-11c01849e498]
[14Sept2026 22:47:41.812] [main/WARN] [net.minecraft.commands.Commands/]: Ambiguity between arguments [teleport, targets] and [teleport, destination] with inputs: [Player, 0123, dd12be42-52a9-4a91-a8a1-11c01849e498]
[14Sept2026 22:47:41.813] [main/WARN] [net.minecraft.commands.Commands/]: Ambiguity between arguments [teleport, targets, location] and [teleport, targets, destination] with inputs: [0.1 -0.5 .9, 0 0 0]
[14Sept2026 22:47:41.842] [main/DEBUG] [net.neoforged.fml.ModWorkManager/LOADING]: Using 12 threads for parallel mod-loading
[14Sept2026 22:47:41.847] [main/DEBUG] [net.neoforged.fml.javafmlmod.FMLModContainer/LOADING]: Creating FMLModContainer instance for [net.quedoom.wartime.Wartime]
[14Sept2026 22:47:41.849] [main/DEBUG] [net.neoforged.fml.javafmlmod.FMLModContainer/LOADING]: Creating FMLModContainer instance for [net.neoforged.neoforge.common.NeoForgeMod]
[14Sept2026 22:47:41.862] [modloading-worker-0/DEBUG] [net.neoforged.neoforge.internal.versions.neoforge.NeoForgeVersion/CORE]: Found NeoForge version 21.1.250
[14Sept2026 22:47:41.862] [modloading-worker-0/DEBUG] [net.neoforged.neoforge.internal.versions.neoforge.NeoForgeVersion/CORE]: Found FML version 4.0.44
[14Sept2026 22:47:41.862] [modloading-worker-0/INFO] [net.neoforged.neoforge.common.NeoForgeMod/NEOFORGE-MOD]: NeoForge mod loading, version 21.1.250, for MC 1.21.1
[14Sept2026 22:47:41.868] [modloading-worker-0/DEBUG] [net.neoforged.fml.config.ConfigTracker/CONFIG]: Config file wartime-common.toml for wartime tracking
[14Sept2026 22:47:41.868] [modloading-worker-0/DEBUG] [net.neoforged.fml.javafmlmod.AutomaticEventSubscriber/LOADING]: Attempting to inject @EventBusSubscriber classes into the eventbus for wartime
[14Sept2026 22:47:41.868] [modloading-worker-0/DEBUG] [net.neoforged.fml.config.ConfigTracker/CONFIG]: Config file neoforge-client.toml for neoforge tracking
[14Sept2026 22:47:41.868] [modloading-worker-0/DEBUG] [net.neoforged.fml.config.ConfigTracker/CONFIG]: Config file neoforge-server.toml for neoforge tracking
[14Sept2026 22:47:41.868] [modloading-worker-0/DEBUG] [net.neoforged.fml.javafmlmod.AutomaticEventSubscriber/LOADING]: Scanning class net.quedoom.wartime.Config for @SubscribeEvent-annotated methods
[14Sept2026 22:47:41.868] [modloading-worker-0/DEBUG] [net.neoforged.fml.config.ConfigTracker/CONFIG]: Config file neoforge-common.toml for neoforge tracking
[14Sept2026 22:47:41.868] [modloading-worker-0/DEBUG] [net.neoforged.fml.javafmlmod.AutomaticEventSubscriber/]: Subscribing @EventBusSubscriber class Lnet/quedoom/wartime/Config; to the mod event bus of mod wartime
[14Sept2026 22:47:41.889] [modloading-worker-0/DEBUG] [net.neoforged.fml.javafmlmod.AutomaticEventSubscriber/LOADING]: Attempting to inject @EventBusSubscriber classes into the eventbus for neoforge
[14Sept2026 22:47:41.890] [modloading-worker-0/DEBUG] [net.neoforged.fml.javafmlmod.AutomaticEventSubscriber/LOADING]: Scanning class net.neoforged.neoforge.network.filters.GenericPacketSplitter for @SubscribeEvent-annotated methods
[14Sept2026 22:47:41.903] [modloading-worker-0/DEBUG] [io.netty.buffer.AbstractByteBuf/]: -Dio.netty.buffer.checkAccessible: true
[14Sept2026 22:47:41.903] [modloading-worker-0/DEBUG] [io.netty.buffer.AbstractByteBuf/]: -Dio.netty.buffer.checkBounds: true
[14Sept2026 22:47:41.904] [modloading-worker-0/DEBUG] [io.netty.util.ResourceLeakDetectorFactory/]: Loaded default ResourceLeakDetector: io.netty.util.ResourceLeakDetector@3f3b1776
[14Sept2026 22:47:41.908] [modloading-worker-0/DEBUG] [io.netty.util.internal.InternalThreadLocalMap/]: -Dio.netty.threadLocalMap.stringBuilder.initialSize: 1024
[14Sept2026 22:47:41.908] [modloading-worker-0/DEBUG] [io.netty.util.internal.InternalThreadLocalMap/]: -Dio.netty.threadLocalMap.stringBuilder.maxSize: 4096
[14Sept2026 22:47:41.910] [modloading-worker-0/DEBUG] [io.netty.buffer.PooledByteBufAllocator/]: -Dio.netty.allocator.numHeapArenas: 24
[14Sept2026 22:47:41.910] [modloading-worker-0/DEBUG] [io.netty.buffer.PooledByteBufAllocator/]: -Dio.netty.allocator.numDirectArenas: 24
[14Sept2026 22:47:41.910] [modloading-worker-0/DEBUG] [io.netty.buffer.PooledByteBufAllocator/]: -Dio.netty.allocator.pageSize: 8192
[14Sept2026 22:47:41.910] [modloading-worker-0/DEBUG] [io.netty.buffer.PooledByteBufAllocator/]: -Dio.netty.allocator.maxOrder: 9
[14Sept2026 22:47:41.910] [modloading-worker-0/DEBUG] [io.netty.buffer.PooledByteBufAllocator/]: -Dio.netty.allocator.chunkSize: 4194304
[14Sept2026 22:47:41.910] [modloading-worker-0/DEBUG] [io.netty.buffer.PooledByteBufAllocator/]: -Dio.netty.allocator.smallCacheSize: 256
[14Sept2026 22:47:41.910] [modloading-worker-0/DEBUG] [io.netty.buffer.PooledByteBufAllocator/]: -Dio.netty.allocator.normalCacheSize: 64
[14Sept2026 22:47:41.910] [modloading-worker-0/DEBUG] [io.netty.buffer.PooledByteBufAllocator/]: -Dio.netty.allocator.maxCachedBufferCapacity: 32768
[14Sept2026 22:47:41.910] [modloading-worker-0/DEBUG] [io.netty.buffer.PooledByteBufAllocator/]: -Dio.netty.allocator.cacheTrimInterval: 8192
[14Sept2026 22:47:41.910] [modloading-worker-0/DEBUG] [io.netty.buffer.PooledByteBufAllocator/]: -Dio.netty.allocator.cacheTrimIntervalMillis: 0
[14Sept2026 22:47:41.910] [modloading-worker-0/DEBUG] [io.netty.buffer.PooledByteBufAllocator/]: -Dio.netty.allocator.useCacheForAllThreads: false
[14Sept2026 22:47:41.910] [modloading-worker-0/DEBUG] [io.netty.buffer.PooledByteBufAllocator/]: -Dio.netty.allocator.maxCachedByteBuffersPerChunk: 1023
[14Sept2026 22:47:41.915] [modloading-worker-0/DEBUG] [io.netty.buffer.ByteBufUtil/]: -Dio.netty.allocator.type: pooled
[14Sept2026 22:47:41.916] [modloading-worker-0/DEBUG] [io.netty.buffer.ByteBufUtil/]: -Dio.netty.threadLocalDirectBufferSize: 0
[14Sept2026 22:47:41.916] [modloading-worker-0/DEBUG] [io.netty.buffer.ByteBufUtil/]: -Dio.netty.maxThreadLocalCharBufferSize: 16384
[14Sept2026 22:47:41.919] [modloading-worker-0/DEBUG] [net.neoforged.fml.javafmlmod.AutomaticEventSubscriber/]: Subscribing @EventBusSubscriber class Lnet/neoforged/neoforge/network/filters/GenericPacketSplitter; to the mod event bus of mod neoforge
[14Sept2026 22:47:41.921] [modloading-worker-0/DEBUG] [net.neoforged.fml.javafmlmod.AutomaticEventSubscriber/LOADING]: Scanning class net.neoforged.neoforge.network.NetworkInitialization for @SubscribeEvent-annotated methods
[14Sept2026 22:47:41.921] [modloading-worker-0/DEBUG] [net.neoforged.fml.javafmlmod.AutomaticEventSubscriber/]: Subscribing @EventBusSubscriber class Lnet/neoforged/neoforge/network/NetworkInitialization; to the mod event bus of mod neoforge
[14Sept2026 22:47:41.921] [modloading-worker-0/DEBUG] [net.neoforged.fml.javafmlmod.AutomaticEventSubscriber/LOADING]: Scanning class net.neoforged.neoforge.network.ConfigurationInitialization for @SubscribeEvent-annotated methods
[14Sept2026 22:47:41.923] [modloading-worker-0/DEBUG] [net.neoforged.fml.javafmlmod.AutomaticEventSubscriber/]: Subscribing @EventBusSubscriber class Lnet/neoforged/neoforge/network/ConfigurationInitialization; to the mod event bus of mod neoforge
[14Sept2026 22:47:41.923] [modloading-worker-0/DEBUG] [net.neoforged.fml.javafmlmod.AutomaticEventSubscriber/LOADING]: Scanning class net.neoforged.neoforge.common.MonsterRoomHooks for @SubscribeEvent-annotated methods
[14Sept2026 22:47:41.923] [modloading-worker-0/DEBUG] [net.neoforged.fml.javafmlmod.AutomaticEventSubscriber/]: Subscribing @EventBusSubscriber class Lnet/neoforged/neoforge/common/MonsterRoomHooks; to the game event bus
[14Sept2026 22:47:41.924] [modloading-worker-0/DEBUG] [net.neoforged.fml.javafmlmod.AutomaticEventSubscriber/LOADING]: Scanning class net.neoforged.neoforge.common.DeferredSpawnEggItem$CommonHandler for @SubscribeEvent-annotated methods
[14Sept2026 22:47:41.924] [modloading-worker-0/DEBUG] [net.neoforged.fml.javafmlmod.AutomaticEventSubscriber/]: Subscribing @EventBusSubscriber class Lnet/neoforged/neoforge/common/DeferredSpawnEggItem$CommonHandler; to the mod event bus of mod neoforge
[14Sept2026 22:47:41.924] [modloading-worker-0/DEBUG] [net.neoforged.fml.javafmlmod.AutomaticEventSubscriber/LOADING]: Scanning class net.neoforged.neoforge.attachment.AttachmentSync for @SubscribeEvent-annotated methods
[14Sept2026 22:47:41.926] [modloading-worker-0/DEBUG] [net.neoforged.fml.javafmlmod.AutomaticEventSubscriber/]: Subscribing @EventBusSubscriber class Lnet/neoforged/neoforge/attachment/AttachmentSync; to the game event bus
[14Sept2026 22:47:41.926] [modloading-worker-0/DEBUG] [net.neoforged.fml.javafmlmod.AutomaticEventSubscriber/LOADING]: Scanning class net.neoforged.neoforge.attachment.AttachmentInternals for @SubscribeEvent-annotated methods
[14Sept2026 22:47:41.927] [modloading-worker-0/DEBUG] [net.neoforged.fml.javafmlmod.AutomaticEventSubscriber/]: Subscribing @EventBusSubscriber class Lnet/neoforged/neoforge/attachment/AttachmentInternals; to the game event bus
[14Sept2026 22:47:41.992] [modloading-sync-worker/DEBUG] [net.neoforged.fml.config.ConfigTracker/CONFIG]: Loading configs type COMMON
[14Sept2026 22:47:41.997] [modloading-sync-worker/DEBUG] [net.neoforged.fml.config.ConfigTracker/CONFIG]: Loaded TOML config file /home/potat/IdeaProjects/Wartime/run/config/wartime-common.toml
[14Sept2026 22:47:42.001] [modloading-sync-worker/DEBUG] [net.neoforged.fml.config.ConfigTracker/CONFIG]: Watching TOML config file /home/potat/IdeaProjects/Wartime/run/config/wartime-common.toml for changes
[14Sept2026 22:47:42.001] [modloading-sync-worker/DEBUG] [net.neoforged.neoforge.common.NeoForgeConfig/FORGEMOD]: Loaded NeoForge config file neoforge-common.toml
[14Sept2026 22:47:42.001] [modloading-sync-worker/DEBUG] [net.neoforged.fml.config.ConfigTracker/CONFIG]: Loaded TOML config file /home/potat/IdeaProjects/Wartime/run/config/neoforge-common.toml
[14Sept2026 22:47:42.001] [modloading-sync-worker/DEBUG] [net.neoforged.fml.config.ConfigTracker/CONFIG]: Watching TOML config file /home/potat/IdeaProjects/Wartime/run/config/neoforge-common.toml for changes
[14Sept2026 22:47:42.004] [modloading-sync-worker/DEBUG] [net.neoforged.fml.DeferredWorkQueue/LOADING]: Dispatching synchronous work for work queue Common setup: 1 jobs
[14Sept2026 22:47:42.005] [modloading-sync-worker/DEBUG] [net.neoforged.fml.DeferredWorkQueue/LOADING]: Synchronous work queue completed in 626.6 μs
[14Sept2026 22:47:42.055] [main/INFO] [com.mojang.authlib.yggdrasil.YggdrasilAuthenticationService/]: Environment: Environment[sessionHost=https://sessionserver.mojang.com, servicesHost=https://api.minecraftservices.com, name=PROD]
[14Sept2026 22:47:42.141] [main/WARN] [net.minecraft.server.packs.VanillaPackResourcesBuilder/]: Assets URL 'union:/home/potat/IdeaProjects/Wartime/build/moddev/artifacts/neoforge-21.1.250.jar%23125!/assets/.mcassetsroot' uses unexpected schema
[14Sept2026 22:47:42.141] [main/WARN] [net.minecraft.server.packs.VanillaPackResourcesBuilder/]: Assets URL 'union:/home/potat/IdeaProjects/Wartime/build/moddev/artifacts/neoforge-21.1.250.jar%23125!/data/.mcassetsroot' uses unexpected schema
[14Sept2026 22:47:42.686] [main/INFO] [net.minecraft.world.item.crafting.RecipeManager/]: Loaded 1290 recipes
[14Sept2026 22:47:42.791] [main/INFO] [net.minecraft.advancements.AdvancementTree/]: Loaded 1399 advancements
[14Sept2026 22:47:43.110] [main/DEBUG] [net.neoforged.neoforge.common.CommonHooks/WP]: Gathered mod list to write to world save world
[14Sept2026 22:47:43.178] [Server thread/INFO] [net.minecraft.server.dedicated.DedicatedServer/]: Starting minecraft server version 1.21.1
[14Sept2026 22:47:43.178] [Server thread/INFO] [net.minecraft.server.dedicated.DedicatedServer/]: Loading properties
[14Sept2026 22:47:43.178] [Server thread/INFO] [net.minecraft.server.dedicated.DedicatedServer/]: Default game type: SURVIVAL
[14Sept2026 22:47:43.178] [Server thread/INFO] [net.minecraft.server.MinecraftServer/]: Generating keypair
[14Sept2026 22:47:43.224] [Server thread/INFO] [net.minecraft.server.dedicated.DedicatedServer/]: Starting Minecraft server on *:25565
[14Sept2026 22:47:43.224] [Server thread/DEBUG] [net.neoforged.neoforge.network.DualStackUtils/]: Detected IPv6 address: "0:0:0:0:0:0:0:0"
[14Sept2026 22:47:43.229] [Server thread/DEBUG] [io.netty.util.internal.NativeLibraryLoader/]: -Dio.netty.native.workdir: /tmp (io.netty.tmpdir)
[14Sept2026 22:47:43.229] [Server thread/DEBUG] [io.netty.util.internal.NativeLibraryLoader/]: -Dio.netty.native.deleteLibAfterLoading: true
[14Sept2026 22:47:43.229] [Server thread/DEBUG] [io.netty.util.internal.NativeLibraryLoader/]: -Dio.netty.native.tryPatchShadedId: true
[14Sept2026 22:47:43.229] [Server thread/DEBUG] [io.netty.util.internal.NativeLibraryLoader/]: -Dio.netty.native.detectNativeLibraryDuplicates: true
[14Sept2026 22:47:43.234] [Server thread/DEBUG] [io.netty.util.internal.NativeLibraryLoader/]: Successfully loaded the library /tmp/libnetty_transport_native_epoll_x86_646406783668508582419.so
[14Sept2026 22:47:43.236] [Server thread/DEBUG] [io.netty.util.NetUtil/]: -Djava.net.preferIPv4Stack: false
[14Sept2026 22:47:43.236] [Server thread/DEBUG] [io.netty.util.NetUtil/]: -Djava.net.preferIPv6Addresses: true
[14Sept2026 22:47:43.236] [Server thread/DEBUG] [io.netty.util.NetUtilInitializations/]: Loopback interface: lo (lo, 0:0:0:0:0:0:0:1%lo)
[14Sept2026 22:47:43.238] [Server thread/DEBUG] [io.netty.util.NetUtil/]: /proc/sys/net/core/somaxconn: 4096
[14Sept2026 22:47:43.241] [Server thread/DEBUG] [io.netty.channel.MultithreadEventLoopGroup/]: -Dio.netty.eventLoopThreads: 24
[14Sept2026 22:47:43.246] [Server thread/DEBUG] [io.netty.util.concurrent.GlobalEventExecutor/]: -Dio.netty.globalEventExecutor.quietPeriodSeconds: 1
[14Sept2026 22:47:43.254] [Server thread/DEBUG] [io.netty.util.internal.PlatformDependent/]: org.jctools-core.MpscChunkedArrayQueue: available
[14Sept2026 22:47:43.257] [Server thread/INFO] [net.minecraft.server.network.ServerConnectionListener/]: Using epoll channel type
[14Sept2026 22:47:43.266] [Server thread/DEBUG] [io.netty.channel.DefaultChannelId/]: -Dio.netty.processId: 26545 (auto-detected)
[14Sept2026 22:47:43.267] [Server thread/DEBUG] [io.netty.channel.DefaultChannelId/]: -Dio.netty.machineId: 6a:67:68:ff:fe:46:fd:8b (auto-detected)
[14Sept2026 22:47:43.278] [Server thread/WARN] [net.minecraft.server.dedicated.DedicatedServer/]: **** SERVER IS RUNNING IN OFFLINE/INSECURE MODE!
[14Sept2026 22:47:43.278] [Server thread/WARN] [net.minecraft.server.dedicated.DedicatedServer/]: The server will make no attempt to authenticate usernames. Beware.
[14Sept2026 22:47:43.278] [Server thread/WARN] [net.minecraft.server.dedicated.DedicatedServer/]: While this makes the game possible to play without internet access, it also opens up the ability for hackers to connect with any username they choose.
[14Sept2026 22:47:43.278] [Server thread/WARN] [net.minecraft.server.dedicated.DedicatedServer/]: To change this, set "online-mode" to "true" in the server.properties file.
[14Sept2026 22:47:43.287] [Server thread/DEBUG] [net.neoforged.fml.config.ConfigTracker/CONFIG]: Loading configs type SERVER
[14Sept2026 22:47:43.287] [Server thread/DEBUG] [net.neoforged.neoforge.common.NeoForgeConfig/FORGEMOD]: Loaded NeoForge config file neoforge-server.toml
[14Sept2026 22:47:43.287] [Server thread/DEBUG] [net.neoforged.fml.config.ConfigTracker/CONFIG]: Loaded TOML config file /home/potat/IdeaProjects/Wartime/run/config/neoforge-server.toml
[14Sept2026 22:47:43.287] [Server thread/DEBUG] [net.neoforged.fml.config.ConfigTracker/CONFIG]: Watching TOML config file /home/potat/IdeaProjects/Wartime/run/config/neoforge-server.toml for changes
[14Sept2026 22:47:43.302] [Server thread/INFO] [net.minecraft.server.dedicated.DedicatedServer/]: Preparing level "world"
[14Sept2026 22:47:44.019] [Server thread/INFO] [net.minecraft.server.MinecraftServer/]: Preparing start region for dimension minecraft:overworld
[14Sept2026 22:47:44.176] [worldgen/INFO] [net.minecraft.server.level.progress.LoggerChunkProgressListener/]: Preparing spawn area: 0%
[14Sept2026 22:47:44.244] [Server thread/INFO] [net.minecraft.server.level.progress.LoggerChunkProgressListener/]: Time elapsed: 225 ms
[14Sept2026 22:47:44.244] [Server thread/INFO] [net.minecraft.server.dedicated.DedicatedServer/]: Done (0.958s)! For help, type "help"
[14Sept2026 22:47:44.248] [Server thread/DEBUG] [net.neoforged.neoforge.network.DualStackUtils/]: Detected IPv6 address: "0:0:0:0:0:0:0:0"
[14Sept2026 22:47:44.264] [Server thread/DEBUG] [net.neoforged.neoforge.server.LanguageHook/]: Loaded 4 language files for en_us
[14Sept2026 22:47:44.268] [Server thread/INFO] [net.neoforged.neoforge.gametest.GameTestHooks/]: Enabled Gametest Namespaces: [wartime]
[14Sept2026 22:47:44.270] [Server thread/INFO] [net.neoforged.neoforge.server.permission.PermissionAPI/]: Successfully initialized permission handler neoforge:default_handler
[14Sept2026 22:47:52.634] [Netty Epoll Server IO #1/DEBUG] [io.netty.util.Recycler/]: -Dio.netty.recycler.maxCapacityPerThread: 4096
[14Sept2026 22:47:52.634] [Netty Epoll Server IO #1/DEBUG] [io.netty.util.Recycler/]: -Dio.netty.recycler.ratio: 8
[14Sept2026 22:47:52.634] [Netty Epoll Server IO #1/DEBUG] [io.netty.util.Recycler/]: -Dio.netty.recycler.chunkSize: 32
[14Sept2026 22:47:52.634] [Netty Epoll Server IO #1/DEBUG] [io.netty.util.Recycler/]: -Dio.netty.recycler.blocking: false
[14Sept2026 22:47:52.634] [Netty Epoll Server IO #1/DEBUG] [io.netty.util.Recycler/]: -Dio.netty.recycler.batchFastThreadLocalOnly: true
[14Sept2026 22:47:52.714] [Netty Epoll Server IO #1/DEBUG] [net.neoforged.neoforge.network.filters.NetworkFilters/]: Injected net.neoforged.neoforge.network.filters.GenericPacketSplitter@3a4313f5 into net.minecraft.network.Connection@6d7f0a36
[14Sept2026 22:47:53.218] [Netty Epoll Server IO #1/DEBUG] [net.neoforged.neoforge.network.filters.NetworkFilters/]: Injected net.neoforged.neoforge.network.filters.GenericPacketSplitter@400cf684 into net.minecraft.network.Connection@6d7f0a36
[14Sept2026 22:47:53.270] [Server thread/INFO] [net.minecraft.server.players.PlayerList/]: Dev[/[::1]:37432] logged in with entity id 96 at (-59.5, 68.0, -73.5)
[14Sept2026 22:47:53.290] [Server thread/INFO] [net.minecraft.server.MinecraftServer/]: Dev joined the game
[14Sept2026 22:48:22.227] [Server thread/INFO] [net.minecraft.server.network.ServerGamePacketListenerImpl/]: Dev lost connection: Disconnected
[14Sept2026 22:48:22.227] [Server thread/INFO] [net.minecraft.server.MinecraftServer/]: Dev left the game
[14Sept2026 22:51:23.822] [Server thread/INFO] [net.minecraft.server.MinecraftServer/]: Stopping server
[14Sept2026 22:51:23.823] [Server thread/INFO] [net.minecraft.server.MinecraftServer/]: Saving players
[14Sept2026 22:51:23.823] [Server thread/INFO] [net.minecraft.server.MinecraftServer/]: Saving worlds
[14Sept2026 22:51:23.892] [Server thread/INFO] [net.minecraft.server.MinecraftServer/]: Saving chunks for level 'ServerLevel[world]'/minecraft:overworld
[14Sept2026 22:51:32.191] [Server thread/INFO] [net.minecraft.server.MinecraftServer/]: Saving chunks for level 'ServerLevel[world]'/minecraft:the_end
[14Sept2026 22:51:32.240] [Server thread/INFO] [net.minecraft.server.MinecraftServer/]: Saving chunks for level 'ServerLevel[world]'/minecraft:the_nether
[14Sept2026 22:51:32.289] [Server thread/DEBUG] [net.neoforged.neoforge.common.CommonHooks/WP]: Gathered mod list to write to world save world
[14Sept2026 22:51:32.362] [Server thread/INFO] [net.minecraft.server.MinecraftServer/]: ThreadedAnvilChunkStorage (world): All chunks are saved
[14Sept2026 22:51:32.362] [Server thread/INFO] [net.minecraft.server.MinecraftServer/]: ThreadedAnvilChunkStorage (DIM1): All chunks are saved
[14Sept2026 22:51:32.362] [Server thread/INFO] [net.minecraft.server.MinecraftServer/]: ThreadedAnvilChunkStorage (DIM-1): All chunks are saved
[14Sept2026 22:51:32.362] [Server thread/INFO] [net.minecraft.server.MinecraftServer/]: ThreadedAnvilChunkStorage: All dimensions are saved
[14Sept2026 22:51:32.635] [Server thread/DEBUG] [net.neoforged.fml.config.ConfigTracker/CONFIG]: Unloading configs type SERVER
